구명,vulnerability_score,시설수,65세이상인구,welfare_index,green_index,고령화율,공원커버리지_400m
강북구,0.9256,3,74406,0.4031932908636401,27.76686019944628,26.03,6.218411649203278
도봉구,0.8734,7,78335,0.8935980085530095,13.840786366247526,25.85,12.168342454429787
구로구,0.8196,2,88122,0.2269580808424684,20.637445813758198,21.59,7.9513874983760005
강동구,0.7293,5,98148,0.5094347312222358,9.61473387129641,19.47,12.125225377495395
성북구,0.6803,8,87537,0.9138992654534653,13.689377063413186,20.01,6.186568970177271
