name,bank,branch,gu,addr,lat,lng
BNK경남은행 가산디지털,BNK경남은행,가산디지털,금천구,서울특별시 금천구 가산동 가산디지털 1로,37.483485,126.88086
BNK경남은행 강남,BNK경남은행,강남,강남구,서울특별시 강남구 대치동 영동대로 421,37.507022,127.063641
BNK경남은행 마곡,BNK경남은행,마곡,강서구,서울특별시 강서구 마곡동 공항대로 227,37.559495,126.832777
BNK경남은행 서울영업부,BNK경남은행,서울영업부,중구,서울특별시 중구 서소문동 세종대로9길 42,37.561752,126.973849
BNK경남은행 시흥배곧,BNK경남은행,시흥배곧,시흥시,경기도 시흥시 정왕동 서울대학로 278번길 19-13,37.37046,126.72642
BNK경남은행 여의도,BNK경남은행,여의도,영등포구,서울특별시 영등포구 여의도동 국제금융로2길 36,37.523622,126.923761
BNK부산은행 강남금융센터,BNK부산은행,강남금융센터,서초구,서울특별시 서초구 (서초동) 강남대로,37.488092,127.031755
BNK부산은행 구로디지털,BNK부산은행,구로디지털,구로구,서울특별시 구로구 (구로동) 디지털로,37.484927,126.896538
BNK부산은행 서울금융센터,BNK부산은행,서울금융센터,중구,서울특별시 중구 (태평로2가) 세종대로,37.561619,126.974979
BNK부산은행 성수동,BNK부산은행,성수동,성동구,서울특별시 성동구 (성수동) 아차산로,37.547653,127.054992
BNK부산은행 여의도,BNK부산은행,여의도,영등포구,서울특별시 영등포구 (여의도동) 국제금융로2길,37.524305,126.92484
IBK기업은행 LG광화문,IBK기업은행,LG광화문,종로구,서울특별시 종로구 신문로2가 새문안로 58,37.569321,126.971545
IBK기업은행 MBC,IBK기업은행,MBC,마포구,서울특별시 마포구 상암동 성암로 267,37.581123,126.890989
IBK기업은행 가락동,IBK기업은행,가락동,송파구,서울특별시 송파구 가락동 중대로 97,37.493169,127.119317
IBK기업은행 가산IT밸리,IBK기업은행,가산IT밸리,금천구,서울특별시 금천구 가산동 가산디지털2로 53,37.472954,126.881148
IBK기업은행 가산동,IBK기업은행,가산동,금천구,서울특별시 금천구 가산동 가산디지털2로 184,37.484249,126.878089
IBK기업은행 가산디지털,IBK기업은행,가산디지털,금천구,서울특별시 금천구 가산동 가산디지털1로 145,37.478171,126.881598
IBK기업은행 가산디지털역,IBK기업은행,가산디지털역,금천구,서울특별시 금천구 가산동 가산디지털1로 168,37.47999,126.882595
IBK기업은행 가산디지털중앙,IBK기업은행,가산디지털중앙,금천구,서울특별시 금천구 가산동 가산디지털2로 98,37.476887,126.880579
IBK기업은행 가산테크노,IBK기업은행,가산테크노,금천구,서울특별시 금천구 가산동 서부샛길 606,37.479279,126.876374
IBK기업은행 가산퍼블릭,IBK기업은행,가산퍼블릭,금천구,서울특별시 금천구 가산동 디지털로 178,37.477217,126.886257
IBK기업은행 가양동,IBK기업은행,가양동,강서구,서울특별시 강서구 등촌동 강서로 468,37.567186,126.841511
IBK기업은행 강남WM센터,IBK기업은행,강남WM센터,강남구,서울특별시 강남구 도곡동 언주로30길 21,37.489096,127.052908
IBK기업은행 강남구청,IBK기업은행,강남구청,강남구,서울특별시 강남구 청담동 학동로 429,37.518622,127.047656
IBK기업은행 강남구청역,IBK기업은행,강남구청역,강남구,서울특별시 강남구 삼성동 선릉로 648,37.514542,127.042533
IBK기업은행 강남대기업금융센터,IBK기업은행,강남대기업금융센터,강남구,서울특별시 강남구 역삼동 강남대로 390,37.49784,127.028579
IBK기업은행 강남대로,IBK기업은행,강남대로,서초구,서울특별시 서초구 서초동 강남대로 305,37.490177,127.030639
IBK기업은행 강남역,IBK기업은행,강남역,서초구,서울특별시 서초구 서초동 서초대로77길 17,37.499554,127.025753
IBK기업은행 강동구청역,IBK기업은행,강동구청역,강동구,서울특별시 강동구 성내동 성내로6길 11,37.529107,127.123087
IBK기업은행 강서중앙,IBK기업은행,강서중앙,강서구,서울특별시 강서구 등촌동 공항대로 411,37.556277,126.853477
IBK기업은행 개봉동,IBK기업은행,개봉동,구로구,서울특별시 구로구 개봉동 개봉로 60,37.491112,126.856284
IBK기업은행 고척동,IBK기업은행,고척동,구로구,서울특별시 구로구 고척동 경인로 397,37.4975,126.864018
IBK기업은행 공덕동,IBK기업은행,공덕동,마포구,서울특별시 마포구 공덕동 마포대로 163,37.549123,126.954019
IBK기업은행 공릉동,IBK기업은행,공릉동,노원구,서울특별시 노원구 공릉동 공릉로 147,37.623156,127.079058
IBK기업은행 공릉역,IBK기업은행,공릉역,노원구,서울특별시 노원구 공릉동 동일로 1073,37.625774,127.07258
IBK기업은행 교대역,IBK기업은행,교대역,서초구,서울특별시 서초구 서초동 서초대로 275,37.493407,127.011655
IBK기업은행 구로동,IBK기업은행,구로동,구로구,서울특별시 구로구 구로동 디지털로32길 55,37.483987,126.898338
IBK기업은행 구로동기업금융센터,IBK기업은행,구로동기업금융센터,구로구,서울특별시 구로구 구로동 디지털로32길 55,37.483987,126.898338
IBK기업은행 구로디지털,IBK기업은행,구로디지털,구로구,서울특별시 구로구 구로동 디지털로31길 19,37.484876,126.893767
IBK기업은행 구로디지털중앙,IBK기업은행,구로디지털중앙,구로구,서울특별시 구로구 구로동 디지털로 242,37.480813,126.892678
IBK기업은행 구로사랑,IBK기업은행,구로사랑,구로구,서울특별시 구로구 구로동 구로중앙로 60,37.495132,126.88941
IBK기업은행 구로삼성IT,IBK기업은행,구로삼성IT,구로구,서울특별시 구로구 구로동 디지털로33길 27,37.486057,126.894669
IBK기업은행 구로유통단지,IBK기업은행,구로유통단지,구로구,서울특별시 구로구 구로동 경인로53길 8,37.501765,126.877252
IBK기업은행 구로중앙,IBK기업은행,구로중앙,구로구,서울특별시 구로구 구로동 구로중앙로 215,37.505,126.877148
IBK기업은행 구의동,IBK기업은행,구의동,광진구,서울특별시 광진구 구의동 아차산로 456,37.539109,127.093036
IBK기업은행 군자역,IBK기업은행,군자역,광진구,서울특별시 광진구 중곡동 천호대로 579,37.556375,127.082581
IBK기업은행 길동,IBK기업은행,길동,강동구,서울특별시 강동구 길동 천호대로 1139,37.534596,127.138117
IBK기업은행 남구로,IBK기업은행,남구로,구로구,서울특별시 구로구 구로동 구로동로 126-2,37.489931,126.88457
IBK기업은행 남대문,IBK기업은행,남대문,중구,서울특별시 중구 남대문로5가 세종대로 17,37.558629,126.973267
IBK기업은행 남대문시장,IBK기업은행,남대문시장,중구,서울특별시 중구 남대문로4가 남대문로 12,37.560562,126.977216
IBK기업은행 노량진,IBK기업은행,노량진,동작구,서울특별시 동작구 노량진동 장승배기로 128,37.508922,126.940291
IBK기업은행 노원역,IBK기업은행,노원역,노원구,서울특별시 노원구 상계2동 노해로 489,37.654944,127.062192
IBK기업은행 논현역,IBK기업은행,논현역,강남구,서울특별시 강남구 논현동 학동로 110,37.511362,127.023051
IBK기업은행 답십리,IBK기업은행,답십리,동대문구,서울특별시 동대문구 답십리동 천호대로 233,37.57039,127.048755
IBK기업은행 당산동,IBK기업은행,당산동,영등포구,서울특별시 영등포구 영등포동8가 영신로 220,37.526818,126.904235
IBK기업은행 대림동,IBK기업은행,대림동,영등포구,서울특별시 영등포구 대림동 대림로 195,37.498087,126.898213
IBK기업은행 대치역,IBK기업은행,대치역,강남구,서울특별시 강남구 대치동 남부순환로 2936,37.493349,127.061917
IBK기업은행 대학로,IBK기업은행,대학로,종로구,서울특별시 종로구 동숭동 동숭길 101,37.582462,127.00402
IBK기업은행 도곡팰리스,IBK기업은행,도곡팰리스,강남구,서울특별시 강남구 도곡동 언주로 122,37.487083,127.051017
IBK기업은행 독립문개인스마트,IBK기업은행,독립문개인스마트,종로구,서울특별시 종로구 무악동 통일로 246-10,37.574353,126.959096
IBK기업은행 독산역,IBK기업은행,독산역,금천구,서울특별시 금천구 가산동 가산디지털1로 2,37.466834,126.887999
IBK기업은행 독산중앙,IBK기업은행,독산중앙,금천구,서울특별시 금천구 독산동 가산로 78,37.473348,126.895572
IBK기업은행 독산하이테크,IBK기업은행,독산하이테크,금천구,서울특별시 금천구 독산동 두산로 70,37.468963,126.895621
IBK기업은행 돈암동,IBK기업은행,돈암동,성북구,서울특별시 성북구 동소문동 6가 아리랑로 3,37.593024,127.016175
IBK기업은행 동대문,IBK기업은행,동대문,종로구,서울특별시 종로구 종로4가 종로 189,37.57108,126.998775
IBK기업은행 동부이촌동WM센터,IBK기업은행,동부이촌동WM센터,용산구,서울특별시 용산구 이촌동 이촌로 182,37.52123,126.967375
IBK기업은행 동여의도,IBK기업은행,동여의도,영등포구,서울특별시 영등포구 여의도동 국제금융로 52,37.522726,126.929505
IBK기업은행 둔촌동개인스마트,IBK기업은행,둔촌동개인스마트,강동구,서울특별시 강동구 성내동 양재대로 1317,37.523993,127.13436
IBK기업은행 등촌역,IBK기업은행,등촌역,양천구,서울특별시 양천구 목동 공항대로 556,37.549314,126.867152
IBK기업은행 뚝섬역,IBK기업은행,뚝섬역,성동구,서울특별시 성동구 성수동1가 성수일로 55,37.545467,127.049567
IBK기업은행 마곡발산역,IBK기업은행,마곡발산역,강서구,서울특별시 강서구 마곡동 공항대로 261,37.559154,126.836521
IBK기업은행 마곡신방화역,IBK기업은행,마곡신방화역,강서구,서울특별시 강서구 마곡동 방화대로 294,37.566996,126.817052
IBK기업은행 마들역,IBK기업은행,마들역,노원구,서울특별시 노원구 상계동 동일로 1527,37.664792,127.057388
IBK기업은행 마장동,IBK기업은행,마장동,성동구,서울특별시 성동구 마장동 마장로 309,37.566848,127.043581
IBK기업은행 마포,IBK기업은행,마포,마포구,서울특별시 마포구 공덕동 마포대로 114,37.544808,126.952028
IBK기업은행 마포중앙,IBK기업은행,마포중앙,마포구,서울특별시 마포구 도화동 마포대로 53,37.541432,126.947054
IBK기업은행 면목동,IBK기업은행,면목동,중랑구,서울특별시 중랑구 면목동 겸재로 154,37.587557,127.084861
IBK기업은행 명동역,IBK기업은행,명동역,중구,서울특별시 중구 충무로1가 퇴계로 109,37.560951,126.983863
IBK기업은행 목동WM센터,IBK기업은행,목동WM센터,양천구,서울특별시 양천구 목동 목동동로 401,37.536376,126.881126
IBK기업은행 목동사거리,IBK기업은행,목동사거리,강서구,서울특별시 강서구 화곡동 등촌로 29,37.532552,126.863412
IBK기업은행 목동쉐르빌,IBK기업은행,목동쉐르빌,양천구,서울특별시 양천구 신정동 목동동로 189,37.522616,126.870875
IBK기업은행 목동신트리,IBK기업은행,목동신트리,양천구,서울특별시 양천구 신정동 중앙로 181,37.512819,126.855685
IBK기업은행 무교,IBK기업은행,무교,중구,서울특별시 중구 무교동 무교로 20,37.567633,126.979565
IBK기업은행 무역센터,IBK기업은행,무역센터,강남구,서울특별시 강남구 삼성동 테헤란로 501,37.507381,127.056821
IBK기업은행 문래동,IBK기업은행,문래동,영등포구,서울특별시 영등포구 문래동3가 도림로128길 2,37.5141,126.896217
IBK기업은행 문래중앙,IBK기업은행,문래중앙,영등포구,서울특별시 영등포구 문래동6가 선유로 49,37.518295,126.888742
IBK기업은행 문래하이테크,IBK기업은행,문래하이테크,영등포구,서울특별시 영등포구 문래동3가 경인로 775,37.514762,126.897536
IBK기업은행 문정법조타운,IBK기업은행,문정법조타운,송파구,서울특별시 송파구 문정동 법원로11길 7,37.485354,127.119226
IBK기업은행 반포,IBK기업은행,반포,서초구,서울특별시 서초구 반포동 반포대로 291,37.504931,126.999505
IBK기업은행 반포자이WM센터,IBK기업은행,반포자이WM센터,서초구,서울특별시 서초구 반포동 잠원로 24,37.507095,127.009894
IBK기업은행 방배동,IBK기업은행,방배동,서초구,서울특별시 서초구 방배동 효령로34길 4,37.481364,126.998918
IBK기업은행 방배중앙,IBK기업은행,방배중앙,서초구,서울특별시 서초구 방배동 방배로 226,37.493313,126.990353
IBK기업은행 방이역,IBK기업은행,방이역,송파구,서울특별시 송파구 오금동 마천로5길 4,37.50872,127.126734
IBK기업은행 방학동,IBK기업은행,방학동,도봉구,서울특별시 도봉구 방학동 도봉로 683,37.665491,127.041935
IBK기업은행 보라매,IBK기업은행,보라매,동작구,서울특별시 동작구 신대방동 보라매로5가길 24,37.49065,126.924222
IBK기업은행 본부대기업금융센터,IBK기업은행,본부대기업금융센터,중구,서울특별시 중구 을지로2가 을지로 79,37.565705,126.987084
IBK기업은행 북가좌동,IBK기업은행,북가좌동,서대문구,서울특별시 서대문구 북가좌동 응암로 107,37.582426,126.912911
IBK기업은행 불광역,IBK기업은행,불광역,은평구,서울특별시 은평구 대조동 통일로 725,37.610234,126.929734
IBK기업은행 사당역,IBK기업은행,사당역,동작구,서울특별시 동작구 사당1동 동작대로 27,37.478923,126.981246
IBK기업은행 삼성동,IBK기업은행,삼성동,강남구,서울특별시 강남구 논현동 봉은사로 303,37.509489,127.040154
IBK기업은행 삼성역,IBK기업은행,삼성역,강남구,서울특별시 강남구 삼성동 테헤란로 625,37.510151,127.066053
IBK기업은행 삼양동,IBK기업은행,삼양동,강북구,서울특별시 강북구 미아동 솔샘로 253,37.619792,127.020755
IBK기업은행 상계역,IBK기업은행,상계역,노원구,서울특별시 노원구 중계동 덕릉로 688,37.658959,127.075591
IBK기업은행 상암동,IBK기업은행,상암동,마포구,서울특별시 마포구 상암동 성암로 189,37.576742,126.897898
IBK기업은행 서교동,IBK기업은행,서교동,마포구,서울특별시 마포구 망원동 월드컵로 59,37.554378,126.911269
IBK기업은행 서소문,IBK기업은행,서소문,중구,서울특별시 중구 서소문동 서소문로 120,37.562868,126.974678
IBK기업은행 서여의도,IBK기업은행,서여의도,영등포구,서울특별시 영등포구 여의도동 은행로 30,37.528195,126.922662
IBK기업은행 서울대역,IBK기업은행,서울대역,관악구,서울특별시 관악구 봉천동 남부순환로 1794,37.481314,126.949348
IBK기업은행 서초3동,IBK기업은행,서초3동,서초구,서울특별시 서초구 서초동 효령로 210,37.483022,127.007128
IBK기업은행 서초남,IBK기업은행,서초남,서초구,서울특별시 서초구 서초동 서초중앙로 63,37.487327,127.014465
IBK기업은행 서초동,IBK기업은행,서초동,서초구,서울특별시 서초구 반포동 사평대로 369,37.504425,127.023332
IBK기업은행 서초중앙,IBK기업은행,서초중앙,서초구,서울특별시 서초구 서초동 효령로 321,37.486131,127.01917
IBK기업은행 석수역,IBK기업은행,석수역,금천구,서울특별시 금천구 시흥동 시흥대로 46,37.437776,126.903782
IBK기업은행 석촌고분역,IBK기업은행,석촌고분역,송파구,서울특별시 송파구 석촌동 삼학사로 48,37.501391,127.097211
IBK기업은행 선릉역,IBK기업은행,선릉역,강남구,서울특별시 강남구 역삼동 테헤란로 328,37.503713,127.047674
IBK기업은행 선유도역,IBK기업은행,선유도역,영등포구,서울특별시 영등포구 양평동5가 양평로25길 8,37.538988,126.890877
IBK기업은행 성수2가,IBK기업은행,성수2가,성동구,서울특별시 성동구 성수동2가 동일로 81,37.54015,127.062608
IBK기업은행 성수동,IBK기업은행,성수동,성동구,서울특별시 성동구 성수동2가 연무장7길 16,37.543944,127.0551
IBK기업은행 성수화양,IBK기업은행,성수화양,성동구,서울특별시 성동구 성수동2가 아차산로17길 48,37.546394,127.065889
IBK기업은행 성수희망,IBK기업은행,성수희망,성동구,서울특별시 성동구 성수동2가 아차산로 153,37.543433,127.06101
IBK기업은행 송파,IBK기업은행,송파,송파구,서울특별시 송파구 송파동 송파대로 422,37.505003,127.107985
IBK기업은행 수색,IBK기업은행,수색,은평구,서울특별시 은평구 수색동 수색로 256,37.582261,126.89627
IBK기업은행 수유사거리,IBK기업은행,수유사거리,강북구,서울특별시 강북구 수유동 덕릉로 82,37.634426,127.022843
IBK기업은행 순천향대학교 서울병원(출),IBK기업은행,순천향대학교 서울병원(출),용산구,서울특별시 용산구 한남동 대사관로 59,37.534281,127.003878
IBK기업은행 시흥동,IBK기업은행,시흥동,금천구,서울특별시 금천구 시흥동 시흥대로 236,37.455023,126.901
IBK기업은행 시흥유통센터,IBK기업은행,시흥유통센터,금천구,서울특별시 금천구 시흥동 시흥대로 97,37.444682,126.901072
IBK기업은행 신길동,IBK기업은행,신길동,영등포구,서울특별시 영등포구 신길동 도신로60길 1,37.511677,126.917264
IBK기업은행 신당역,IBK기업은행,신당역,중구,서울특별시 중구 황학동 퇴계로 439,37.565968,127.020462
IBK기업은행 신대방역,IBK기업은행,신대방역,관악구,서울특별시 관악구 신림동 조원로 128,37.485106,126.916645
IBK기업은행 신림동,IBK기업은행,신림동,관악구,서울특별시 관악구 신림동 남부순환로 1440,37.480848,126.910739
IBK기업은행 신사동,IBK기업은행,신사동,강남구,서울특별시 강남구 신사동 도산대로 139,37.518175,127.02371
IBK기업은행 신설동,IBK기업은행,신설동,동대문구,서울특별시 동대문구 신설동 왕산로 6,37.575725,127.024461
IBK기업은행 신수동,IBK기업은행,신수동,마포구,서울특별시 마포구 창전동 서강로 105,37.552478,126.932821
IBK기업은행 신정동,IBK기업은행,신정동,양천구,서울특별시 양천구 신정동 신월로 291,37.521473,126.853371
IBK기업은행 신촌,IBK기업은행,신촌,서대문구,서울특별시 서대문구 창천동 신촌로 67,37.556503,126.934042
IBK기업은행 아현역,IBK기업은행,아현역,서대문구,서울특별시 서대문구 북아현동 북아현로 22,37.559406,126.956818
IBK기업은행 안암동,IBK기업은행,안암동,성북구,서울특별시 성북구 안암동5가 안암로 119,37.58616,127.032315
IBK기업은행 압구정동,IBK기업은행,압구정동,강남구,서울특별시 강남구 신사동 논현로 868,37.526103,127.028887
IBK기업은행 약수동,IBK기업은행,약수동,중구,서울특별시 중구 신당동 다산로 112,37.553786,127.010378
IBK기업은행 양재동,IBK기업은행,양재동,서초구,서울특별시 서초구 양재동 마방로10길 25,37.476423,127.044125
IBK기업은행 양재역,IBK기업은행,양재역,서초구,서울특별시 서초구 양재동 강남대로 216,37.483472,127.035717
IBK기업은행 양평동,IBK기업은행,양평동,영등포구,서울특별시 영등포구 양평동3가 선유로 146,37.526902,126.891845
IBK기업은행 언주로,IBK기업은행,언주로,강남구,서울특별시 강남구 신사동 도산대로 307,37.522276,127.0349
IBK기업은행 언주역,IBK기업은행,언주역,강남구,서울특별시 강남구 논현동 봉은사로 179,37.507461,127.033402
IBK기업은행 여의도,IBK기업은행,여의도,영등포구,서울특별시 영등포구 여의도동 여의나루로 81,37.524321,126.927732
IBK기업은행 여의도IFC,IBK기업은행,여의도IFC,영등포구,서울특별시 영등포구 여의도동 국제금융로 10,37.525178,126.924876
IBK기업은행 여의도중앙,IBK기업은행,여의도중앙,영등포구,서울특별시 영등포구 여의도동 여의나루로 61,37.523224,126.926015
IBK기업은행 역삼WM센터,IBK기업은행,역삼WM센터,강남구,서울특별시 강남구 역삼동 강남대로 390,37.49784,127.028579
IBK기업은행 역삼남,IBK기업은행,역삼남,강남구,서울특별시 강남구 도곡동 도곡로 182,37.491561,127.039299
IBK기업은행 역삼역,IBK기업은행,역삼역,강남구,서울특별시 강남구 역삼동 논현로 418,37.497639,127.038798
IBK기업은행 역삼중앙,IBK기업은행,역삼중앙,강남구,서울특별시 강남구 역삼동 역삼로 114,37.49321,127.031654
IBK기업은행 연희동,IBK기업은행,연희동,서대문구,서울특별시 서대문구 연희동 연희로 141,37.570236,126.93331
IBK기업은행 염창동,IBK기업은행,염창동,강서구,서울특별시 강서구 등촌동 양천로 588,37.556152,126.863735
IBK기업은행 영등포,IBK기업은행,영등포,영등포구,서울특별시 영등포구 영등포동4가 영중로 13,37.517562,126.905715
IBK기업은행 영업부,IBK기업은행,영업부,중구,서울특별시 중구 을지로2가 을지로 79,37.566494,126.986565
IBK기업은행 오류동,IBK기업은행,오류동,구로구,서울특별시 구로구 오류동 경인로 187,37.495612,126.841791
IBK기업은행 오목교역,IBK기업은행,오목교역,양천구,서울특별시 양천구 목동 오목로 325,37.525107,126.873626
IBK기업은행 온수역,IBK기업은행,온수역,구로구,서울특별시 구로구 온수동 부일로 869,37.492943,126.823634
IBK기업은행 용산,IBK기업은행,용산,용산구,서울특별시 용산구 남영동 한강대로 264-1,37.541965,126.973299
IBK기업은행 용산전자,IBK기업은행,용산전자,용산구,서울특별시 용산구 한강로2가 청파로20길 34,37.532616,126.966114
IBK기업은행 용산중앙,IBK기업은행,용산중앙,용산구,서울특별시 용산구 이태원동 녹사평대로 240,37.538899,126.987564
IBK기업은행 우장산역개인스마트,IBK기업은행,우장산역개인스마트,강서구,서울특별시 강서구 화곡동 강서로 242,37.547385,126.836763
IBK기업은행 워커힐,IBK기업은행,워커힐,광진구,서울특별시 광진구 광장동 아차산로 635,37.549449,127.107201
IBK기업은행 원효로,IBK기업은행,원효로,용산구,서울특별시 용산구 원효로3가 원효로 142,37.534082,126.9591
IBK기업은행 을지6가,IBK기업은행,을지6가,중구,서울특별시 중구 을지로6가 장충단로 263,37.570919,127.00732
IBK기업은행 을지로,IBK기업은행,을지로,중구,서울특별시 중구 인현동2가 마른내로 72,37.563546,126.995814
IBK기업은행 응암동,IBK기업은행,응암동,은평구,서울특별시 은평구 응암동 은평로 210,37.601022,126.931123
IBK기업은행 이동점포(U-IBK3호),IBK기업은행,이동점포(U-IBK3호),중구,서울특별시 중구 을지로2가 을지로 79,37.566494,126.986565
IBK기업은행 이수역,IBK기업은행,이수역,서초구,서울특별시 서초구 방배동 동작대로 134,37.488608,126.98278
IBK기업은행 이태원,IBK기업은행,이태원,용산구,서울특별시 용산구 이태원동 이태원로27나길 40,37.534942,126.996923
IBK기업은행 인사동,IBK기업은행,인사동,종로구,서울특별시 종로구 인사동 인사동5길 25,37.572097,126.985393
IBK기업은행 잠실,IBK기업은행,잠실,송파구,서울특별시 송파구 방이동 오금로 91,37.514051,127.107654
IBK기업은행 잠실엘스,IBK기업은행,잠실엘스,송파구,서울특별시 송파구 잠실동 올림픽로 119,37.512085,127.084186
IBK기업은행 장안동,IBK기업은행,장안동,동대문구,서울특별시 동대문구 장안동 답십리로 276,37.57217,127.070805
IBK기업은행 장위동,IBK기업은행,장위동,성북구,서울특별시 성북구 장위동 화랑로 237,37.610558,127.05569
IBK기업은행 장한평역,IBK기업은행,장한평역,성동구,서울특별시 성동구 용답동 자동차시장1길 73,37.560796,127.06565
IBK기업은행 종로,IBK기업은행,종로,종로구,서울특별시 종로구 종로2가 종로 104,37.569964,126.989112
IBK기업은행 종로6가,IBK기업은행,종로6가,종로구,서울특별시 종로구 종로6가 종로 266,37.570919,127.00732
IBK기업은행 종암동,IBK기업은행,종암동,성북구,서울특별시 성북구 종암동 종암로 108,37.599824,127.034481
IBK기업은행 중계동WM센터,IBK기업은행,중계동WM센터,노원구,서울특별시 노원구 중계동 중계로 206,37.650843,127.077523
IBK기업은행 중화동,IBK기업은행,중화동,중랑구,서울특별시 중랑구 묵동 동일로 847,37.605951,127.078321
IBK기업은행 천호동,IBK기업은행,천호동,강동구,서울특별시 강동구 천호동 천호대로 1033,37.537895,127.126958
IBK기업은행 청계5가,IBK기업은행,청계5가,중구,서울특별시 중구 주교동 청계천로 206-1,37.569069,127.000575
IBK기업은행 청계7가,IBK기업은행,청계7가,중구,서울특별시 중구 황학동 청계천로 400,37.57153,127.02177
IBK기업은행 청계8가,IBK기업은행,청계8가,동대문구,서울특별시 동대문구 용두동 청계천로 471,37.570405,127.029656
IBK기업은행 청담동,IBK기업은행,청담동,강남구,서울특별시 강남구 청담동 도산대로 446,37.523593,127.045065
IBK기업은행 청량리역,IBK기업은행,청량리역,동대문구,서울특별시 동대문구 청량리동 홍릉로 1,37.580453,127.044369
IBK기업은행 테헤란로,IBK기업은행,테헤란로,강남구,서울특별시 강남구 역삼동 테헤란로 132,37.499319,127.033214
IBK기업은행 테헤란로중앙,IBK기업은행,테헤란로중앙,강남구,서울특별시 강남구 대치동 테헤란로 416,37.504996,127.051907
IBK기업은행 퇴계로,IBK기업은행,퇴계로,중구,서울특별시 중구 충무로4가 퇴계로 235,37.562527,126.99781
IBK기업은행 학동역,IBK기업은행,학동역,강남구,서울특별시 강남구 논현동 학동로 177,37.514179,127.030285
IBK기업은행 한국기술센터(출),IBK기업은행,한국기술센터(출),강남구,서울특별시 강남구 역삼동 테헤란로 305,37.503341,127.043783
IBK기업은행 한남동WM센터,IBK기업은행,한남동WM센터,용산구,서울특별시 용산구 한남동 한남대로 72,37.535066,127.007056
IBK기업은행 한성대학교(출),IBK기업은행,한성대학교(출),성북구,서울특별시 성북구 삼선동2가 삼선교로16길 116,37.583152,127.011065
IBK기업은행 한티역,IBK기업은행,한티역,강남구,서울특별시 강남구 대치동 선릉로 332,37.499433,127.051713
IBK기업은행 홍대역,IBK기업은행,홍대역,마포구,서울특별시 마포구 동교동 양화로 148,37.555613,126.922656
IBK기업은행 회기역(출),IBK기업은행,회기역(출),동대문구,서울특별시 동대문구 휘경동 망우로 46,37.588765,127.058791
KB국민은행 KB GOLD&WISE the FIRST 도곡 센터,KB국민은행,KB GOLD&WISE the FIRST 도곡 센터,강남구,서울특별시 강남구 도곡2동 언주로30길39,37.488746,127.053214
KB국민은행 KB GOLD&WISE the FIRST 반포 센터,KB국민은행,KB GOLD&WISE the FIRST 반포 센터,서초구,서울특별시 서초구 반포동 반포대로291,37.504931,126.999505
KB국민은행 KB GOLD&WISE the FIRST 압구정 센터,KB국민은행,KB GOLD&WISE the FIRST 압구정 센터,강남구,서울특별시 강남구 신사동 언주로849,37.526219,127.032966
KB국민은행 KCC(점),KB국민은행,KCC(점),서초구,서울특별시 서초구 서초동 사평대로344,37.502995,127.020803
KB국민은행 KT광화문(점),KB국민은행,KT광화문(점),종로구,서울특별시 종로구 청진동 종로3길33,37.572007,126.978849
KB국민은행 가락동,KB국민은행,가락동,송파구,서울특별시 송파구 가락동 송파대로274,37.494027,127.118082
KB국민은행 가산IT,KB국민은행,가산IT,금천구,서울특별시 금천구 가산동 가산디지털2로98,37.476295,126.881025
KB국민은행 가산디지털,KB국민은행,가산디지털,금천구,서울특별시 금천구 가산동 벚꽃로286,37.480402,126.884128
KB국민은행 가산라이온스밸리,KB국민은행,가산라이온스밸리,금천구,서울특별시 금천구 가산동 가산디지털1로168,37.47999,126.882595
KB국민은행 가산벤처,KB국민은행,가산벤처,금천구,서울특별시 금천구 가산동 가산디지털1로16,37.46761,126.888086
KB국민은행 가산테크노타운,KB국민은행,가산테크노타운,금천구,서울특별시 금천구 가산1동 가마산로96,37.485259,126.877464
KB국민은행 가양역,KB국민은행,가양역,강서구,서울특별시 강서구 등촌동 화곡로68길3,37.559584,126.854737
KB국민은행 강남구청역,KB국민은행,강남구청역,강남구,서울특별시 강남구 논현동 학동로343,37.517442,127.040612
KB국민은행 강남대로,KB국민은행,강남대로,서초구,서울특별시 서초구 서초동 서초대로411,37.498107,127.025923
KB국민은행 강남스타PB센터,KB국민은행,강남스타PB센터,강남구,서울특별시 강남구 역삼1동 테헤란로152,37.500024,127.036509
KB국민은행 강남역,KB국민은행,강남역,강남구,서울특별시 강남구 역삼동 테헤란로127,37.4997,127.032045
KB국민은행 강남중앙,KB국민은행,강남중앙,강남구,서울특별시 강남구 역삼동 강남대로402,37.498777,127.027831
KB국민은행 강남타운,KB국민은행,강남타운,강남구,서울특별시 강남구 역삼동 강남대로388,37.497449,127.028423
KB국민은행 강남파이낸스,KB국민은행,강남파이낸스,강남구,서울특별시 강남구 역삼동 테헤란로152,37.500024,127.036509
KB국민은행 강동구청역,KB국민은행,강동구청역,강동구,서울특별시 강동구 성내동 성내로12,37.530148,127.121861
KB국민은행 강북,KB국민은행,강북,강북구,서울특별시 강북구 수유동 도봉로391,37.641955,127.029288
KB국민은행 강북삼성병원(점),KB국민은행,강북삼성병원(점),종로구,서울특별시 종로구 평동 새문안로29,37.568128,126.968592
KB국민은행 강서(점),KB국민은행,강서(점),강서구,서울특별시 강서구 화곡동 화곡로340,37.553905,126.851632
KB국민은행 개봉남,KB국민은행,개봉남,구로구,서울특별시 구로구 개봉동 개봉로10,37.48662,126.856714
KB국민은행 개포남,KB국민은행,개포남,강남구,서울특별시 강남구 개포동 개포로224,37.478564,127.047295
KB국민은행 개포동,KB국민은행,개포동,강남구,서울특별시 강남구 개포동 삼성로14,37.487785,127.073672
KB국민은행 개포중앙(점),KB국민은행,개포중앙(점),강남구,서울특별시 강남구 개포동 선릉로8,37.48164,127.062159
KB국민은행 경찰청(점),KB국민은행,경찰청(점),서대문구,서울특별시 서대문구 미근동 통일로97,37.564213,126.966863
KB국민은행 고덕역,KB국민은행,고덕역,강동구,서울특별시 강동구 명일동 고덕로254,37.554682,127.153682
KB국민은행 고척동,KB국민은행,고척동,구로구,서울특별시 구로구 고척동 경인로387,37.497087,126.863142
KB국민은행 광장동(점),KB국민은행,광장동(점),광진구,서울특별시 광진구 광장동 천호대로813,37.545631,127.104127
KB국민은행 광진구청,KB국민은행,광진구청,광진구,서울특별시 광진구 자양동 아차산로400,37.53629,127.087722
KB국민은행 광화문,KB국민은행,광화문,종로구,서울특별시 종로구 내수동 새문안로3길30,37.572007,126.978849
KB국민은행 광화문역(점),KB국민은행,광화문역(점),종로구,서울특별시 종로구 당주동 새문안로5길13,37.57137,126.974415
KB국민은행 교대역,KB국민은행,교대역,서초구,서울특별시 서초구 서초동 서초대로283,37.493675,127.012689
KB국민은행 구로,KB국민은행,구로,구로구,서울특별시 구로구 구로동 도림로20길11,37.489606,126.892291
KB국민은행 구로구청사거리(점),KB국민은행,구로구청사거리(점),구로구,서울특별시 구로구 구로동 가마산로263,37.495922,126.889427
KB국민은행 구로동,KB국민은행,구로동,구로구,서울특별시 구로구 구로동 경인로565,37.50364,126.879714
KB국민은행 구로벤처,KB국민은행,구로벤처,구로구,서울특별시 구로구 구로동 디지털로34길27,37.485472,126.898223
KB국민은행 구의동,KB국민은행,구의동,광진구,서울특별시 광진구 구의동 광나루로525,37.545175,127.087962
KB국민은행 구파발역,KB국민은행,구파발역,은평구,"서울특별시 은평구 진관동 진관2로15-46,2층",37.638651,126.919082
KB국민은행 국군재정관리단(점),KB국민은행,국군재정관리단(점),용산구,서울특별시 용산구 회나무로 4,37.538252,126.988338
KB국민은행 국방부(점),KB국민은행,국방부(점),용산구,서울특별시 용산구 이태원로 22,37.533649,126.977597
KB국민은행 군자역,KB국민은행,군자역,광진구,서울특별시 광진구 중곡동 천호대로575,37.556499,127.08213
KB국민은행 굽은다리역,KB국민은행,굽은다리역,강동구,서울특별시 강동구 천호동 양재대로1553,37.544363,127.142086
KB국민은행 금천,KB국민은행,금천,금천구,서울특별시 금천구 시흥동 시흥대로202,37.451961,126.902145
KB국민은행 금호동,KB국민은행,금호동,성동구,서울특별시 성동구 금호동4가 독서당로306,37.547976,127.022885
KB국민은행 길동,KB국민은행,길동,강동구,서울특별시 강동구 길동 양재대로1443,37.53493,127.138537
KB국민은행 길음뉴타운,KB국민은행,길음뉴타운,성북구,서울특별시 성북구 길음동 동소문로231,37.602855,127.022372
KB국민은행 낙성대역,KB국민은행,낙성대역,관악구,서울특별시 관악구 봉천동 남부순환로1926,37.476818,126.963145
KB국민은행 남가좌동,KB국민은행,남가좌동,서대문구,서울특별시 서대문구 남가좌동 증가로136,37.577661,126.922534
KB국민은행 남대문,KB국민은행,남대문,중구,서울특별시 중구 남대문로4가 세종대로50,37.560923,126.976244
KB국민은행 남성역,KB국민은행,남성역,동작구,서울특별시 동작구 사당동 사당로234,37.48328,126.973579
KB국민은행 남영동,KB국민은행,남영동,용산구,서울특별시 용산구 갈월동 한강대로273,37.542691,126.972352
KB국민은행 노량진,KB국민은행,노량진,동작구,서울특별시 동작구 노량진동 노량진로100,37.512967,126.936999
KB국민은행 노원,KB국민은행,노원,노원구,서울특별시 노원구 상계동 동일로1405,37.653831,127.060178
KB국민은행 노원구청,KB국민은행,노원구청,노원구,서울특별시 노원구 상계동 노해로437,37.653618,127.056703
KB국민은행 논현동,KB국민은행,논현동,강남구,서울특별시 강남구 논현동 언주로603,37.509081,127.037401
KB국민은행 논현역,KB국민은행,논현역,강남구,서울특별시 강남구 논현동 학동로107,37.51171,127.022488
KB국민은행 대기업금융1센터,KB국민은행,대기업금융1센터,강남구,서울특별시 강남구 역삼동 강남대로298,37.490053,127.032164
KB국민은행 대기업금융2센터,KB국민은행,대기업금융2센터,강남구,서울특별시 강남구 역삼동 강남대로298,37.490053,127.032164
KB국민은행 대림동,KB국민은행,대림동,영등포구,서울특별시 영등포구 대림동 시흥대로675,37.492036,126.908451
KB국민은행 대방동,KB국민은행,대방동,동작구,서울특별시 동작구 대방동 국사봉1길3,37.499078,126.928765
KB국민은행 대방로,KB국민은행,대방로,영등포구,서울특별시 영등포구 신길동 여의대방로259,37.510246,126.924134
KB국민은행 대청역,KB국민은행,대청역,강남구,서울특별시 강남구 개포동 개포로623,37.494339,127.079634
KB국민은행 대치동,KB국민은행,대치동,강남구,서울특별시 강남구 대치동 삼성로212,37.495315,127.063682
KB국민은행 대치북,KB국민은행,대치북,강남구,서울특별시 강남구 대치동 삼성로406,37.503546,127.058791
KB국민은행 도곡(점),KB국민은행,도곡(점),강남구,서울특별시 강남구 도곡동 언주로30길39,37.488746,127.053214
KB국민은행 도곡렉슬(점),KB국민은행,도곡렉슬(점),강남구,서울특별시 강남구 도곡동 선릉로225,37.495365,127.05272
KB국민은행 도봉구청(점),KB국민은행,도봉구청(점),도봉구,서울특별시 도봉구 마들로656,37.668716,127.047131
KB국민은행 도화동,KB국민은행,도화동,마포구,서울특별시 마포구 도화동 마포대로63-8,37.54226,126.947816
KB국민은행 독산동,KB국민은행,독산동,금천구,서울특별시 금천구 독산동 시흥대로430,37.471817,126.898667
KB국민은행 독산홈플러스,KB국민은행,독산홈플러스,금천구,서울특별시 금천구 독산동 시흥대로391,37.468664,126.896885
KB국민은행 돈암동,KB국민은행,돈암동,성북구,서울특별시 성북구 동선동1가 동소문로114,37.593037,127.01765
KB국민은행 동국대학교(점),KB국민은행,동국대학교(점),중구,서울특별시 중구 필동3가 필동로1길30,37.557762,127.001992
KB국민은행 동대문구청,KB국민은행,동대문구청,동대문구,서울특별시 동대문구 용두동 천호대로145,37.574391,127.039897
KB국민은행 동부이촌동,KB국민은행,동부이촌동,용산구,서울특별시 용산구 이촌1동 이촌로206,37.52089,126.969854
KB국민은행 동아미디어,KB국민은행,동아미디어,종로구,서울특별시 종로구 세종로 청계천로1,37.569546,126.97802
KB국민은행 동양미래대(점),KB국민은행,동양미래대(점),구로구,서울특별시 구로구 고척동 경인로445,37.499996,126.868169
KB국민은행 동여의도,KB국민은행,동여의도,영등포구,서울특별시 영등포구 여의도동 국제금융로72,37.52112,126.930836
KB국민은행 동작구청,KB국민은행,동작구청,동작구,서울특별시 동작구 노량진동 장승배기로161,37.504237,126.940269
KB국민은행 둔촌역,KB국민은행,둔촌역,강동구,서울특별시 강동구 둔촌동 양재대로1360,37.527475,127.137045
KB국민은행 등촌역,KB국민은행,등촌역,양천구,서울특별시 양천구 목동 공항대로538,37.550254,126.865599
KB국민은행 디지털밸리,KB국민은행,디지털밸리,구로구,서울특별시 구로구 구로동 디지털로273,37.483954,126.894103
KB국민은행 마곡,KB국민은행,마곡,강서구,서울특별시 강서구 마곡동 공항대로242,37.55848,126.834328
KB국민은행 마곡나루,KB국민은행,마곡나루,강서구,서울특별시 강서구 마곡동 마곡중앙5로6,37.567291,126.826957
KB국민은행 마들역,KB국민은행,마들역,노원구,서울특별시 노원구 상계동 동일로1534,37.665471,127.057941
KB국민은행 마포역,KB국민은행,마포역,마포구,서울특별시 마포구 도화동 마포대로38,37.539427,126.946661
KB국민은행 망우동,KB국민은행,망우동,중랑구,서울특별시 중랑구 망우동 상봉로134,37.597879,127.093324
KB국민은행 매봉역,KB국민은행,매봉역,강남구,서울특별시 강남구 도곡동 남부순환로378길10,37.485551,127.045686
KB국민은행 먹골역,KB국민은행,먹골역,중랑구,서울특별시 중랑구 묵동 동일로921,37.612669,127.076899
KB국민은행 명동스타PB센터,KB국민은행,명동스타PB센터,중구,서울특별시 중구 을지로2가 을지로51,37.566493,126.983681
KB국민은행 명동역,KB국민은행,명동역,중구,서울특별시 중구 충무로2가 퇴계로131,37.561277,126.986302
KB국민은행 명동영업부,KB국민은행,명동영업부,중구,서울특별시 중구 을지로2가 을지로51,37.566493,126.983681
KB국민은행 명일동,KB국민은행,명일동,강동구,서울특별시 강동구 명일동 양재대로1661,37.553857,127.143944
KB국민은행 모래내(점),KB국민은행,모래내(점),서대문구,서울특별시 서대문구 남가좌동 수색로40,37.570013,126.914335
KB국민은행 목동PB센터,KB국민은행,목동PB센터,양천구,서울특별시 양천구 목동 목동동로381,37.535739,126.87904
KB국민은행 목동서로,KB국민은행,목동서로,양천구,서울특별시 양천구 신정동 목동서로283,37.52208,126.869628
KB국민은행 목동스텔라,KB국민은행,목동스텔라,양천구,서울특별시 양천구 목동 오목로312,37.524693,126.872024
KB국민은행 목동역,KB국민은행,목동역,양천구,서울특별시 양천구 신정동 오목로222,37.525595,126.862036
KB국민은행 목동파리공원,KB국민은행,목동파리공원,양천구,서울특별시 양천구 목5동 목동동로381,37.535739,126.87904
KB국민은행 무교,KB국민은행,무교,중구,서울특별시 중구 무교동 세종대로136,37.568423,126.978257
KB국민은행 무역센터,KB국민은행,무역센터,강남구,서울특별시 강남구 삼성동 테헤란로87길36,37.510233,127.058595
KB국민은행 문래동,KB국민은행,문래동,영등포구,서울특별시 영등포구 양평동1가 선유로82,37.521283,126.890274
KB국민은행 문정동(점),KB국민은행,문정동(점),송파구,서울특별시 송파구 문정동 송이로30길7,37.487396,127.130904
KB국민은행 문정법조,KB국민은행,문정법조,송파구,서울특별시 송파구 문정동 법원로11길7,37.485459,127.118331
KB국민은행 미아동,KB국민은행,미아동,강북구,서울특별시 강북구 미아4동 도봉로34,37.612068,127.030722
KB국민은행 미아역,KB국민은행,미아역,강북구,서울특별시 강북구 미아동 도봉로167,37.623624,127.026835
KB국민은행 반포남(점),KB국민은행,반포남(점),서초구,서울특별시 서초구 반포동 고무래로26,37.502345,127.011252
KB국민은행 반포서래,KB국민은행,반포서래,서초구,서울특별시 서초구 반포동 서래로8길6,37.498555,126.998621
KB국민은행 반포역,KB국민은행,반포역,서초구,서울특별시 서초구 잠원동 신반포로257,37.508614,127.011938
KB국민은행 반포중앙,KB국민은행,반포중앙,서초구,서울특별시 서초구 잠원동 신반포로157,37.50552,127.001457
KB국민은행 발산역,KB국민은행,발산역,강서구,서울특별시 강서구 마곡동 강서로385,37.560093,126.838304
KB국민은행 방배PB센터,KB국민은행,방배PB센터,서초구,서울특별시 서초구 방배동 동광로89,37.493649,126.992065
KB국민은행 방배남,KB국민은행,방배남,서초구,서울특별시 서초구 방배동 방배로46,37.479057,126.999614
KB국민은행 방배역,KB국민은행,방배역,서초구,서울특별시 서초구 방배동 방배로99,37.483035,126.996208
KB국민은행 방배중앙,KB국민은행,방배중앙,서초구,서울특별시 서초구 방배동 방배로181,37.489567,126.991929
KB국민은행 방이역,KB국민은행,방이역,송파구,서울특별시 송파구 오금동 마천로5길10,37.509211,127.127027
KB국민은행 방화동,KB국민은행,방화동,강서구,서울특별시 강서구 방화동 양천로66,37.573091,126.811197
KB국민은행 보라매,KB국민은행,보라매,관악구,서울특별시 관악구 봉천동 보라매로3길29,37.491211,126.924991
KB국민은행 보문동,KB국민은행,보문동,성북구,서울특별시 성북구 보문동7가 보문로34,37.578856,127.023292
KB국민은행 봉천동,KB국민은행,봉천동,관악구,서울특별시 관악구 봉천동 관악로234,37.48496,126.9563
KB국민은행 봉천역,KB국민은행,봉천역,관악구,서울특별시 관악구 봉천동 남부순환로1734,37.481986,126.942773
KB국민은행 불광동,KB국민은행,불광동,은평구,서울특별시 은평구 불광동 통일로742,37.611718,126.929173
KB국민은행 사가정역,KB국민은행,사가정역,중랑구,서울특별시 중랑구 면목동 면목로315,37.580271,127.088002
KB국민은행 사당동,KB국민은행,사당동,동작구,서울특별시 동작구 사당동 동작대로31,37.479345,126.981367
KB국민은행 삼성동,KB국민은행,삼성동,강남구,서울특별시 강남구 삼성동 테헤란로503,37.507482,127.057165
KB국민은행 삼성동PB센터,KB국민은행,삼성동PB센터,강남구,서울특별시 강남구 대치동 테헤란로518,37.507591,127.060579
KB국민은행 삼성역,KB국민은행,삼성역,강남구,서울특별시 강남구 대치동 테헤란로518,37.507591,127.060579
KB국민은행 삼성중앙역(점),KB국민은행,삼성중앙역(점),강남구,서울특별시 강남구 삼성동 봉은사로479,37.513191,127.052754
KB국민은행 삼성타운(점),KB국민은행,삼성타운(점),서초구,서울특별시 서초구 서초동 서초대로74길14,37.495959,127.026125
KB국민은행 상계역,KB국민은행,상계역,노원구,서울특별시 노원구 중계동 한글비석로383,37.65939,127.07286
KB국민은행 상도동,KB국민은행,상도동,동작구,서울특별시 동작구 상도동 상도로190,37.504794,126.939737
KB국민은행 상암DMC,KB국민은행,상암DMC,마포구,서울특별시 마포구 상암동 월드컵북로54길11,37.580886,126.888397
KB국민은행 서강,KB국민은행,서강,마포구,서울특별시 마포구 신수동 토정로222,37.544498,126.935296
KB국민은행 서교동,KB국민은행,서교동,마포구,서울특별시 마포구 동교동 양화로147,37.556049,126.922055
KB국민은행 서대문,KB국민은행,서대문,서대문구,서울특별시 서대문구 충정로2가 충정로53,37.563752,126.964633
KB국민은행 서린동,KB국민은행,서린동,종로구,서울특별시 종로구 서린동 청계천로41,37.569671,126.982185
KB국민은행 서소문,KB국민은행,서소문,중구,서울특별시 중구 순화동 세종대로7길43,37.561065,126.972258
KB국민은행 서여의도영업부,KB국민은행,서여의도영업부,영등포구,서울특별시 영등포구 여의도동 의사당대로13,37.528653,126.918654
KB국민은행 서울과학기술대(점),KB국민은행,서울과학기술대(점),노원구,서울특별시 노원구 공릉동 공릉로232,37.630734,127.07938
KB국민은행 서울대학교,KB국민은행,서울대학교,관악구,서울특별시 관악구 신림동 관악로1,37.463254,126.950005
KB국민은행 서울숲,KB국민은행,서울숲,성동구,서울특별시 성동구 성수동1가 왕십리로125,37.548839,127.043894
KB국민은행 서울숲PB센터,KB국민은행,서울숲PB센터,성동구,서울특별시 성동구 성수동1가 왕십리로83-21,37.544482,127.043272
KB국민은행 서울의대(점),KB국민은행,서울의대(점),종로구,서울특별시 종로구 연건동 대학로103,37.581286,127.001141
KB국민은행 서잠실,KB국민은행,서잠실,송파구,서울특별시 송파구 잠실동 석촌호수로92,37.508255,127.087199
KB국민은행 서초2동,KB국민은행,서초2동,서초구,서울특별시 서초구 서초동 강남대로329,37.492392,127.029737
KB국민은행 서초PB센터,KB국민은행,서초PB센터,서초구,서울특별시 서초구 서초동 서초중앙로24길41,37.495608,127.017788
KB국민은행 서초남,KB국민은행,서초남,서초구,서울특별시 서초구 서초동 효령로267,37.484869,127.013412
KB국민은행 서초동,KB국민은행,서초동,서초구,서울특별시 서초구 서초동 서초중앙로24길41,37.495608,127.017788
KB국민은행 서초무지개,KB국민은행,서초무지개,서초구,서울특별시 서초구 서초동 효령로403,37.488655,127.02776
KB국민은행 서초역,KB국민은행,서초역,서초구,서울특별시 서초구 서초동 반포대로111,37.489983,127.008227
KB국민은행 서초중앙,KB국민은행,서초중앙,서초구,서울특별시 서초구 서초동 서초중앙로53,37.48654,127.015001
KB국민은행 석관동,KB국민은행,석관동,성북구,서울특별시 성북구 석관동 돌곶이로55,37.60873,127.058933
KB국민은행 석촌동,KB국민은행,석촌동,송파구,서울특별시 송파구 삼전동 삼학사로99,37.506068,127.096944
KB국민은행 선릉역,KB국민은행,선릉역,강남구,서울특별시 강남구 대치동 테헤란로412,37.504764,127.051258
KB국민은행 성산동,KB국민은행,성산동,마포구,서울특별시 마포구 성산동 월드컵북로68,37.560157,126.916803
KB국민은행 성수동,KB국민은행,성수동,성동구,서울특별시 성동구 성수동2가 성수이로51,37.540241,127.055112
KB국민은행 성수역,KB국민은행,성수역,성동구,서울특별시 성동구 성수동2가3동 성수일로10길32,37.546237,127.053375
KB국민은행 세검정,KB국민은행,세검정,종로구,서울특별시 종로구 신영동 진흥로488,37.604915,126.960652
KB국민은행 세종대,KB국민은행,세종대,광진구,서울특별시 광진구 군자동 능동로195-16,37.548138,127.073397
KB국민은행 세종로,KB국민은행,세종로,종로구,서울특별시 종로구 수송동 삼봉로71,37.572668,126.981114
KB국민은행 송파,KB국민은행,송파,송파구,서울특별시 송파구 송파동 백제고분로393,37.506752,127.108941
KB국민은행 송파개롱역,KB국민은행,송파개롱역,송파구,서울특별시 송파구 가락동 오금로420,37.496989,127.136278
KB국민은행 송파위례,KB국민은행,송파위례,송파구,서울특별시 송파구 거여동 위례서로244,37.486303,127.14214
KB국민은행 송파헬리오시티,KB국민은행,송파헬리오시티,송파구,서울특별시 송파구 가락동 송파대로345,37.499351,127.111799
KB국민은행 수락산역(점),KB국민은행,수락산역(점),노원구,서울특별시 노원구 상계동 동일로1701,37.680308,127.054887
KB국민은행 수색,KB국민은행,수색,은평구,서울특별시 은평구 수색동 수색로246,37.581604,126.896714
KB국민은행 수서역,KB국민은행,수서역,강남구,서울특별시 강남구 수서동 광평로280,37.487314,127.103123
KB국민은행 수유동,KB국민은행,수유동,강북구,서울특별시 강북구 수유동 도봉로281,37.633477,127.023049
KB국민은행 스타시티PB센터,KB국민은행,스타시티PB센터,광진구,서울특별시 광진구 자양동 능동로90,37.538362,127.070922
KB국민은행 신길동,KB국민은행,신길동,영등포구,서울특별시 영등포구 신길동 가마산로480,37.50565,126.90965
KB국민은행 신내동,KB국민은행,신내동,중랑구,서울특별시 중랑구 신내동 용마산로631,37.607449,127.100575
KB국민은행 신논현역,KB국민은행,신논현역,강남구,서울특별시 강남구 논현동 강남대로500,37.506903,127.023802
KB국민은행 신당동,KB국민은행,신당동,중구,서울특별시 중구 신당동 퇴계로381,37.565293,127.013802
KB국민은행 신도림,KB국민은행,신도림,구로구,서울특별시 구로구 신도림동 경인로661,37.509529,126.887773
KB국민은행 신도봉,KB국민은행,신도봉,도봉구,서울특별시 도봉구 방학동 마들로650,37.668028,127.047065
KB국민은행 신림남부,KB국민은행,신림남부,관악구,서울특별시 관악구 신림동 신림로137,37.471152,126.934056
KB국민은행 신림본동,KB국민은행,신림본동,관악구,서울특별시 관악구 신림본동 신림로318,37.482575,126.930252
KB국민은행 신림서,KB국민은행,신림서,관악구,서울특별시 관악구 신림동 난곡로257,37.476946,126.915345
KB국민은행 신사동,KB국민은행,신사동,서초구,서울특별시 서초구 잠원동 강남대로597,37.515036,127.019317
KB국민은행 신사중앙,KB국민은행,신사중앙,강남구,서울특별시 강남구 신사동 도산대로149,37.518645,127.024708
KB국민은행 신월뉴타운,KB국민은행,신월뉴타운,양천구,서울특별시 양천구 신월동 신월로180,37.518788,126.84337
KB국민은행 신월동,KB국민은행,신월동,양천구,서울특별시 양천구 신월동 남부순환로353,37.535659,126.828929
KB국민은행 신자양,KB국민은행,신자양,광진구,서울특별시 광진구 자양동 뚝섬로503,37.535974,127.066241
KB국민은행 신정네거리역,KB국민은행,신정네거리역,양천구,서울특별시 양천구 신정동 신월로272,37.52154,126.851261
KB국민은행 신촌,KB국민은행,신촌,서대문구,서울특별시 서대문구 창천동 연세로5,37.556119,126.936588
KB국민은행 쌍문동,KB국민은행,쌍문동,도봉구,서울특별시 도봉구 쌍문동 도봉로575,37.656401,127.038788
KB국민은행 쌍문역,KB국민은행,쌍문역,도봉구,서울특별시 도봉구 창동 도봉로494,37.649454,127.035563
KB국민은행 아현동,KB국민은행,아현동,마포구,서울특별시 마포구 아현동 신촌로270,37.557682,126.957128
KB국민은행 암사역,KB국민은행,암사역,강동구,서울특별시 강동구 암사동 올림픽로767,37.549632,127.127017
KB국민은행 압구정,KB국민은행,압구정,강남구,서울특별시 강남구 신사동 논현로833,37.52358,127.038814
KB국민은행 압구정동,KB국민은행,압구정동,강남구,서울특별시 강남구 신사동 압구정로320,37.528543,127.036455
KB국민은행 압구정역,KB국민은행,압구정역,강남구,서울특별시 강남구 신사동 압구정로160,37.526264,127.027235
KB국민은행 압구정중앙,KB국민은행,압구정중앙,강남구,서울특별시 강남구 신사동 압구정로222,37.528434,127.031751
KB국민은행 약수역,KB국민은행,약수역,중구,서울특별시 중구 신당동 다산로11길3,37.554427,127.010029
KB국민은행 양재남,KB국민은행,양재남,서초구,서울특별시 서초구 양재동 논현로79,37.476916,127.044788
KB국민은행 양재역,KB국민은행,양재역,강남구,서울특별시 강남구 도곡동 강남대로262,37.48696,127.033445
KB국민은행 양천,KB국민은행,양천,양천구,서울특별시 양천구 신정동 목동동로67,37.515709,126.862501
KB국민은행 양평동,KB국민은행,양평동,영등포구,서울특별시 영등포구 양평동4가 선유로265,37.536342,126.897609
KB국민은행 언주로,KB국민은행,언주로,강남구,서울특별시 강남구 논현동 언주로706,37.516016,127.035751
KB국민은행 여의도,KB국민은행,여의도,영등포구,서울특별시 영등포구 여의도동 여의나루로50,37.521805,126.925651
KB국민은행 여의도리버타워(점),KB국민은행,여의도리버타워(점),영등포구,서울특별시 영등포구 여의도동 63로36,37.519427,126.938587
KB국민은행 여의도영업부,KB국민은행,여의도영업부,영등포구,서울특별시 영등포구 여의도동 국제금융로8길26,37.520877,126.92789
KB국민은행 역삼PB센터,KB국민은행,역삼PB센터,강남구,서울특별시 강남구 역삼동 강남대로298,37.490053,127.032164
KB국민은행 역삼동,KB국민은행,역삼동,강남구,서울특별시 강남구 역삼동 강남대로298,37.490053,127.032164
KB국민은행 역삼역,KB국민은행,역삼역,강남구,서울특별시 강남구 역삼동 논현로531,37.503756,127.035151
KB국민은행 역삼중앙,KB국민은행,역삼중앙,강남구,서울특별시 강남구 역삼동 역삼로175,37.495764,127.038257
KB국민은행 역촌동,KB국민은행,역촌동,은평구,서울특별시 은평구 갈현동 서오릉로188,37.613585,126.912842
KB국민은행 연신내,KB국민은행,연신내,은평구,서울특별시 은평구 갈현동 통일로861,37.619785,126.920195
KB국민은행 연희동,KB국민은행,연희동,서대문구,서울특별시 서대문구 연희동 연희로113,37.568042,126.931542
KB국민은행 염창동,KB국민은행,염창동,강서구,서울특별시 강서구 염창동 양천로643,37.555465,126.864671
KB국민은행 영동,KB국민은행,영동,강남구,서울특별시 강남구 논현동 선릉로601,37.510504,127.043438
KB국민은행 영등포,KB국민은행,영등포,영등포구,서울특별시 영등포구 영등포동4가 영등포로194,37.520018,126.902955
KB국민은행 영등포구청역,KB국민은행,영등포구청역,영등포구,서울특별시 영등포구 당산동3가 당산로133,37.526717,126.89654
KB국민은행 영등포중기타운,KB국민은행,영등포중기타운,영등포구,서울특별시 영등포구 영등포동2가 버드나루로47,37.522775,126.910937
KB국민은행 영등포하이테크,KB국민은행,영등포하이테크,영등포구,서울특별시 영등포구 문래동3가 경인로775,37.514762,126.897536
KB국민은행 오류동,KB국민은행,오류동,구로구,서울특별시 구로구 오류동 경인로176,37.494361,126.841051
KB국민은행 오장동(점),KB국민은행,오장동(점),중구,서울특별시 중구 쌍림동 동호로336,37.564411,127.002876
KB국민은행 옥수동,KB국민은행,옥수동,성동구,서울특별시 성동구 옥수동 독서당로187,37.542687,127.011883
KB국민은행 올림픽PB센터,KB국민은행,올림픽PB센터,송파구,서울특별시 송파구 방이동 위례성대로138,37.511793,127.126818
KB국민은행 왕십리,KB국민은행,왕십리,성동구,서울특별시 성동구 하왕십리동 왕십리로410,37.56484,127.028646
KB국민은행 왕십리역,KB국민은행,왕십리역,성동구,서울특별시 성동구 행당동 왕십리광장로17,37.561442,127.038394
KB국민은행 용답동,KB국민은행,용답동,성동구,서울특별시 성동구 용답동 천호대로320,37.564407,127.055131
KB국민은행 용산,KB국민은행,용산,용산구,서울특별시 용산구 한강로3가 청파로74,37.532788,126.959558
KB국민은행 우면동(점),KB국민은행,우면동(점),서초구,서울특별시 서초구 우면동 태봉로62,37.464072,127.024996
KB국민은행 우장산역,KB국민은행,우장산역,강서구,서울특별시 강서구 화곡동 강서로242,37.547385,126.836763
KB국민은행 월계동(점),KB국민은행,월계동(점),노원구,서울특별시 노원구 월계동 광운로61,37.623009,127.059774
KB국민은행 월곡역,KB국민은행,월곡역,성북구,서울특별시 성북구 하월곡동 화랑로91,37.602984,127.042114
KB국민은행 은평로(점),KB국민은행,은평로(점),은평구,서울특별시 은평구 응암동 은평로147,37.601083,126.92409
KB국민은행 응암오거리,KB국민은행,응암오거리,은평구,서울특별시 은평구 응암동 응암로197,37.589624,126.916804
KB국민은행 이문동,KB국민은행,이문동,동대문구,서울특별시 동대문구 회기동 이문로37,37.590801,127.056117
KB국민은행 이수역,KB국민은행,이수역,서초구,서울특별시 서초구 방배동 동작대로120,37.487251,126.982708
KB국민은행 이촌PB센터,KB국민은행,이촌PB센터,용산구,서울특별시 용산구 이촌1동 이촌로206,37.52089,126.969854
KB국민은행 이태원,KB국민은행,이태원,용산구,서울특별시 용산구 이태원동 이태원로186,37.534305,126.994616
KB국민은행 자양동,KB국민은행,자양동,광진구,서울특별시 광진구 자양동 뚝섬로632,37.531432,127.081007
KB국민은행 자양중앙(점),KB국민은행,자양중앙(점),광진구,서울특별시 광진구 자양동 뚝섬로558,37.534112,127.071869
KB국민은행 잠실,KB국민은행,잠실,송파구,서울특별시 송파구 신천동 올림픽로37길130,37.520882,127.104421
KB국민은행 잠실롯데PB센터,KB국민은행,잠실롯데PB센터,송파구,서울특별시 송파구 잠실동 올림픽로240,37.512329,127.097617
KB국민은행 잠실새내역,KB국민은행,잠실새내역,송파구,서울특별시 송파구 잠실동 올림픽로102,37.511426,127.081962
KB국민은행 잠실역,KB국민은행,잠실역,송파구,서울특별시 송파구 신천동 송파대로562,37.515324,127.099503
KB국민은행 잠실중앙,KB국민은행,잠실중앙,송파구,서울특별시 송파구 잠실동 올림픽로203,37.512486,127.093322
KB국민은행 장안동,KB국민은행,장안동,동대문구,서울특별시 동대문구 장안동 답십리로297,37.571923,127.072387
KB국민은행 장위동,KB국민은행,장위동,성북구,서울특별시 성북구 장위동 돌곶이로40길46,37.617249,127.04915
KB국민은행 장한평역,KB국민은행,장한평역,동대문구,서울특별시 동대문구 장안동 천호대로405,37.562012,127.064182
KB국민은행 전농동,KB국민은행,전농동,동대문구,서울특별시 동대문구 전농동 서울시립대로50,37.576926,127.056074
KB국민은행 정릉동,KB국민은행,정릉동,성북구,서울특별시 성북구 정릉4동 보국문로50,37.608864,127.010085
KB국민은행 종로,KB국민은행,종로,종로구,서울특별시 종로구 종로4가 종로199,37.570662,126.991277
KB국민은행 종로3가,KB국민은행,종로3가,종로구,서울특별시 종로구 종로3가 종로123,37.570662,126.991277
KB국민은행 종로중앙,KB국민은행,종로중앙,종로구,서울특별시 종로구 인사동 인사동5길29,37.571988,126.984842
KB국민은행 종암동,KB국민은행,종암동,성북구,서울특별시 성북구 종암동 종암로44,37.594241,127.036254
KB국민은행 중계동,KB국민은행,중계동,노원구,서울특별시 노원구 중계동 섬밭로258,37.63911,127.064915
KB국민은행 중계북,KB국민은행,중계북,노원구,서울특별시 노원구 중계동 한글비석로261,37.65092,127.076432
KB국민은행 중곡동,KB국민은행,중곡동,광진구,서울특별시 광진구 중곡동 용마산로63,37.559244,127.087404
KB국민은행 중부,KB국민은행,중부,중구,서울특별시 중구 초동 충무로29,37.563839,126.992474
KB국민은행 중앙보훈병원(점),KB국민은행,중앙보훈병원(점),강동구,서울특별시 강동구 둔촌동 진황도로61길53,37.528532,127.146157
KB국민은행 중화동,KB국민은행,중화동,중랑구,서울특별시 중랑구 중화동 동일로757,37.597996,127.079805
KB국민은행 증권타운,KB국민은행,증권타운,영등포구,서울특별시 영등포구 여의도동 여의나루로67,37.523563,126.926507
KB국민은행 창동,KB국민은행,창동,도봉구,서울특별시 도봉구 창동 노해로383,37.652582,127.050727
KB국민은행 창신동,KB국민은행,창신동,종로구,서울특별시 종로구 창신동 종로330,37.572309,127.014595
KB국민은행 천호역,KB국민은행,천호역,강동구,서울특별시 강동구 성내동 천호대로1032,37.537344,127.126523
KB국민은행 청계,KB국민은행,청계,종로구,서울특별시 종로구 예지동 청계천로199,37.569657,126.999697
KB국민은행 청담동,KB국민은행,청담동,강남구,서울특별시 강남구 청담동 도산대로524,37.524268,127.050839
KB국민은행 청담스타PB센터,KB국민은행,청담스타PB센터,강남구,서울특별시 강남구 청담동 압구정로416,37.526929,127.042403
KB국민은행 청담역,KB국민은행,청담역,강남구,서울특별시 강남구 청담동 삼성로706,37.519343,127.050302
KB국민은행 청담영동(점),KB국민은행,청담영동(점),강남구,서울특별시 강남구 청담동 영동대로720,37.522188,127.056461
KB국민은행 청량리,KB국민은행,청량리,동대문구,서울특별시 동대문구 청량리동 왕산로239,37.583058,127.048215
KB국민은행 충무로역,KB국민은행,충무로역,중구,서울특별시 중구 충무로4가 퇴계로213,37.561906,126.99549
KB국민은행 태릉역,KB국민은행,태릉역,노원구,서울특별시 노원구 공릉동 동일로1022,37.621435,127.074768
KB국민은행 태평로(점),KB국민은행,태평로(점),중구,서울특별시 중구 태평로1가 세종대로21길40,37.568268,126.975847
KB국민은행 테크노마트,KB국민은행,테크노마트,광진구,서울특별시 광진구 구의동 광나루로56길85,37.535725,127.095692
KB국민은행 테헤란로,KB국민은행,테헤란로,강남구,서울특별시 강남구 역삼동 테헤란로334,37.503945,127.048528
KB국민은행 테헤란중앙,KB국민은행,테헤란중앙,강남구,서울특별시 강남구 역삼동 언주로508,37.503941,127.042968
KB국민은행 퇴계로,KB국민은행,퇴계로,중구,서울특별시 중구 남창동 남대문시장8길2,37.560298,126.978453
KB국민은행 학동,KB국민은행,학동,강남구,서울특별시 강남구 신사동 도산대로237,37.521714,127.032985
KB국민은행 학동사거리,KB국민은행,학동사거리,강남구,서울특별시 강남구 신사동 선릉로801,37.52358,127.038814
KB국민은행 학동역(점),KB국민은행,학동역(점),강남구,서울특별시 강남구 논현동 논현로667,37.513568,127.030526
KB국민은행 한남PB센터,KB국민은행,한남PB센터,용산구,서울특별시 용산구 한남동 이태원로267,37.538513,127.001124
KB국민은행 한남동,KB국민은행,한남동,용산구,서울특별시 용산구 한남동 한남대로21길8,37.534519,127.006109
KB국민은행 한성백제역,KB국민은행,한성백제역,송파구,서울특별시 송파구 방이동 백제고분로501,37.515091,127.114799
KB국민은행 한티역,KB국민은행,한티역,강남구,서울특별시 강남구 대치동 도곡로408,37.49661,127.055244
KB국민은행 합정역,KB국민은행,합정역,마포구,서울특별시 마포구 서교동 양화로45,37.550761,126.91319
KB국민은행 혜화동,KB국민은행,혜화동,종로구,서울특별시 종로구 동숭동 대학로86,37.579196,127.003291
KB국민은행 홍제동,KB국민은행,홍제동,서대문구,서울특별시 서대문구 홍제동 통일로464,37.589963,126.94322
KB국민은행 화곡동,KB국민은행,화곡동,강서구,서울특별시 강서구 화곡동 곰달래로133,37.530841,126.84768
KB국민은행 화곡역,KB국민은행,화곡역,강서구,서울특별시 강서구 화곡동 강서로177,37.542168,126.839472
KB국민은행 화양동,KB국민은행,화양동,성동구,서울특별시 성동구 성수동2가 광나루로310,37.547801,127.064457
KB국민은행 훼밀리타운(점),KB국민은행,훼밀리타운(점),송파구,서울특별시 송파구 문정동 중대로80,37.491762,127.117842
KB국민은행 휘경동,KB국민은행,휘경동,동대문구,서울특별시 동대문구 휘경동 망우로123,37.591704,127.066607
KB국민은행 흑석동,KB국민은행,흑석동,동작구,서울특별시 동작구 흑석동 서달로158,37.507337,126.962038
NH농협은행 NH금융PLUS 광화문역센터,NH농협은행,NH금융PLUS 광화문역센터,종로구,서울특별시 종로구 사직동 서울특별시 종로구 세종대로 149,37.569571,126.97614
NH농협은행 NH금융PLUS 파크원센터,NH농협은행,NH금융PLUS 파크원센터,영등포구,서울특별시 영등포구 여의동 서울특별시 영등포구 여의대로 108 2층(파크원타워2),37.527098,126.927301
NH농협은행 aT센터,NH농협은행,aT센터,서초구,서울특별시 서초구 양재2동 서울특별시 서초구 강남대로 27 aT센터 1층,37.467943,127.039463
NH농협은행 가락동,NH농협은행,가락동,송파구,서울특별시 송파구 가락본동 서울특별시 송파구 중대로9길 60,37.497626,127.120146
NH농협은행 가락시장,NH농협은행,가락시장,송파구,서울특별시 송파구 가락1동 서울특별시 송파구 양재대로 932 업무동 1층,37.495052,127.115816
NH농협은행 가락시장 중앙,NH농협은행,가락시장 중앙,송파구,서울특별시 송파구 가락1동 서울특별시 송파구 양재대로 932 청과동 2층,37.496025,127.110753
NH농협은행 가산IT,NH농협은행,가산IT,금천구,서울특별시 금천구 가산동 서울특별시 금천구 가산디지털2로 108,37.477895,126.880665
NH농협은행 가양중앙,NH농협은행,가양중앙,강서구,서울특별시 강서구 가양제2동 서울특별시 강서구 양천로57길 9-7,37.563403,126.851432
NH농협은행 가좌,NH농협은행,가좌,서대문구,서울특별시 서대문구 남가좌제1동 서울특별시 서대문구 모래내로 143,37.569516,126.917257
NH농협은행 감사원,NH농협은행,감사원,종로구,서울특별시 종로구 삼청동 서울특별시 종로구 북촌로 109,37.586803,126.985014
NH농협은행 강남대기업금융센터,NH농협은행,강남대기업금융센터,강남구,서울특별시 강남구 역삼1동 서울특별시 강남구 강남대로 388 강남센터 빌딩 18층,37.497449,127.028423
NH농협은행 강남세곡,NH농협은행,강남세곡,강남구,서울특별시 강남구 세곡동 서울특별시 강남구 자곡로 180 유탑유블레스상가 1층,37.473673,127.103202
NH농협은행 강남역금융센터,NH농협은행,강남역금융센터,강남구,서울특별시 강남구 역삼1동 서울특별시 강남구 강남대로 388 2층,37.497449,127.028423
NH농협은행 강남중앙금융센터,NH농협은행,강남중앙금융센터,강남구,서울특별시 강남구 역삼1동 서울특별시 강남구 테헤란로 137,37.500374,127.034005
NH농협은행 강북중앙금융센터,NH농협은행,강북중앙금융센터,강북구,서울특별시 강북구 수유3동 서울특별시 강북구 도봉로 373,37.640585,127.027977
NH농협은행 개포동,NH농협은행,개포동,강남구,서울특별시 강남구 개포4동 서울특별시 강남구 논현로 98,37.478609,127.044798
NH농협은행 거여역,NH농협은행,거여역,송파구,서울특별시 송파구 거여2동 서울특별시 송파구 오금로 512 2층 NH농협은행거여역지점,37.49273,127.145547
NH농협은행 공덕역,NH농협은행,공덕역,마포구,서울특별시 마포구 아현동 서울특별시 마포구 마포대로 127 풍림빌딩1층 농협은행공덕역지점,37.546193,126.952132
NH농협은행 공항동,NH농협은행,공항동,강서구,서울특별시 강서구 공항동 서울특별시 강서구 공항대로 11,37.561987,126.808488
NH농협은행 광화문금융센터,NH농협은행,광화문금융센터,중구,서울특별시 중구 명동 서울특별시 중구 세종대로 124,37.56742,126.977873
NH농협은행 광화문대기업금융센터,NH농협은행,광화문대기업금융센터,종로구,서울특별시 종로구 종로1.2.3.4가동 서울특별시 종로구 종로5길 7 Tower 8빌딩 5층,37.570616,126.98056
NH농협은행 구로,NH농협은행,구로,구로구,서울특별시 구로구 구로제4동 서울특별시 구로구 구로동로 124,37.489632,126.884537
NH농협은행 구로디지털금융센터,NH농협은행,구로디지털금융센터,구로구,서울특별시 구로구 구로제3동 서울특별시 구로구 디지털로30길 28 1층 101호,37.482108,126.895281
NH농협은행 구파발,NH농협은행,구파발,은평구,서울특별시 은평구 진관동 서울특별시 은평구 진관2로 29-21 드림스퀘어 2층,37.635741,126.919342
NH농협은행 국회,NH농협은행,국회,영등포구,서울특별시 영등포구 여의동 서울특별시 영등포구 의사당대로 1,37.529371,126.916617
NH농협은행 금호동,NH농협은행,금호동,성동구,서울특별시 성동구 금호2.3가동 서울특별시 성동구 금호로 157,37.554914,127.019743
NH농협은행 길동,NH농협은행,길동,강동구,서울특별시 강동구 길동 서울특별시 강동구 양재대로 1458,37.535896,127.139601
NH농협은행 길음역,NH농협은행,길음역,성북구,서울특별시 성북구 길음제1동 서울특별시 성북구 길음로7길 6,37.604342,127.02243
NH농협은행 남대문금융센터,NH농협은행,남대문금융센터,중구,"서울특별시 중구 회현동 서울특별시 중구 소월로 8 제분회관 1,2층",37.558818,126.975306
NH농협은행 남서초,NH농협은행,남서초,서초구,서울특별시 서초구 서초1동 서울특별시 서초구 서초중앙로 62 메타빌드빌딩 1층 농협은행 남서초지점,37.487299,127.015269
NH농협은행 남영동,NH농협은행,남영동,용산구,서울특별시 용산구 남영동 서울특별시 용산구 한강대로 294,37.544483,126.972484
NH농협은행 녹번,NH농협은행,녹번,은평구,서울특별시 은평구 응암제1동 서울특별시 은평구 은평로 240 힐스테이트녹번역상가 B332호,37.600753,126.934699
NH농협은행 논현남,NH농협은행,논현남,강남구,서울특별시 강남구 논현1동 서울특별시 강남구 봉은사로 111 2층,37.505196,127.0257
NH농협은행 논현동금융센터,NH농협은행,논현동금융센터,강남구,서울특별시 강남구 논현1동 서울특별시 강남구 학동로 158,37.512838,127.028293
NH농협은행 당산,NH농협은행,당산,영등포구,서울특별시 영등포구 영등포동 서울특별시 영등포구 버드나루로 84,37.525691,126.909386
NH농협은행 대치동,NH농협은행,대치동,강남구,서울특별시 강남구 대치1동 서울특별시 강남구 삼성로 233,37.498055,127.060898
NH농협은행 도곡금융센터,NH농협은행,도곡금융센터,강남구,서울특별시 강남구 도곡2동 서울특별시 강남구 언주로30길 27 우성리빙텔 2층,37.488423,127.05259
NH농협은행 도곡동,NH농협은행,도곡동,강남구,서울특별시 강남구 도곡1동 서울특별시 강남구 도곡로 194,37.491987,127.040673
NH농협은행 도봉,NH농협은행,도봉,도봉구,서울특별시 도봉구 방학제1동 서울특별시 도봉구 도봉로 699,37.666879,127.042728
NH농협은행 독산센터,NH농협은행,독산센터,금천구,서울특별시 금천구 독산제1동 서울특별시 금천구 시흥대로 411 2층,37.470425,126.89762
NH농협은행 동대문,NH농협은행,동대문,종로구,서울특별시 종로구 종로1.2.3.4가동 서울특별시 종로구 종로 196,37.570606,126.999393
NH농협은행 등촌동,NH농협은행,등촌동,강서구,"서울특별시 강서구 등촌제3동 서울특별시 강서구 강서로 396 팬코타워 1층, 2층",37.560899,126.839374
NH농협은행 등촌역,NH농협은행,등촌역,강서구,서울특별시 강서구 등촌제1동 서울특별시 강서구 공항대로 525,37.551541,126.865305
NH농협은행 뚝섬,NH농협은행,뚝섬,성동구,서울특별시 성동구 성수2가제1동 서울특별시 성동구 성덕정길 87,37.537954,127.053222
NH농협은행 마곡기업센터,NH농협은행,마곡기업센터,강서구,서울특별시 강서구 가양제1동 서울특별시 강서구 양천로30길 123-28 2층,37.567293,126.823835
NH농협은행 마곡역,NH농협은행,마곡역,강서구,"서울특별시 강서구 가양제1동 서울특별시 강서구 마곡중앙로 76 2층(마곡동, 힐스테이트에코마곡역)",37.560396,126.827508
NH농협은행 마들역,NH농협은행,마들역,노원구,서울특별시 노원구 상계8동 서울특별시 노원구 동일로 1553,37.667073,127.056774
NH농협은행 마포금융센터,NH농협은행,마포금융센터,마포구,서울특별시 마포구 용강동 서울특별시 마포구 마포대로 67,37.541849,126.9483
NH농협은행 면목역,NH농협은행,면목역,중랑구,서울특별시 중랑구 면목본동 서울특별시 중랑구 면목로 431,37.590464,127.086752
NH농협은행 명동,NH농협은행,명동,중구,서울특별시 중구 명동 서울특별시 중구 명동길 73 2층,37.56439,126.986232
NH농협은행 명일동,NH농협은행,명일동,강동구,서울특별시 강동구 명일제2동 서울특별시 강동구 고덕로 262 2층 201호,37.554668,127.154623
NH농협은행 목동,NH농협은행,목동,양천구,서울특별시 양천구 목4동 서울특별시 양천구 목동중앙로 71,37.536024,126.870194
NH농협은행 목동역금융센터,NH농협은행,목동역금융센터,양천구,서울특별시 양천구 신정4동 서울특별시 양천구 목동로 207,37.527033,126.863866
NH농협은행 반포역센터,NH농협은행,반포역센터,서초구,서울특별시 서초구 반포1동 서울특별시 서초구 잠원로 24 자이프라자 2층,37.507095,127.009894
NH농협은행 방배금융센터,NH농협은행,방배금융센터,서초구,서울특별시 서초구 방배4동 서울특별시 서초구 방배로33길 6 2층,37.492199,126.990403
NH농협은행 법조타운,NH농협은행,법조타운,서초구,서울특별시 서초구 서초3동 서울특별시 서초구 서초대로 254 오퓨런스빌딩1층,37.492021,127.009622
NH농협은행 보라매타운,NH농협은행,보라매타운,동작구,서울특별시 동작구 신대방제2동 서울특별시 동작구 보라매로5길 23 (삼성보라매옴니타워2층),37.492579,126.92361
NH농협은행 보문동,NH농협은행,보문동,성북구,서울특별시 성북구 보문동 서울특별시 성북구 보문로 98,37.584032,127.020379
NH농협은행 본점영업부,NH농협은행,본점영업부,중구,서울특별시 중구 소공동 서울특별시 중구 통일로 120,37.565769,126.967626
NH농협은행 봉은사로,NH농협은행,봉은사로,강남구,서울특별시 강남구 삼성1동 서울특별시 강남구 봉은사로 617 인탑스빌딩1층 농협은행(주)봉은사로지점,37.514934,127.062666
NH농협은행 북부법원,NH농협은행,북부법원,도봉구,서울특별시 도봉구 도봉제2동 서울특별시 도봉구 마들로 749 서울북부지방법원 민원동 1층,37.67739,127.0472
NH농협은행 불광,NH농협은행,불광,은평구,서울특별시 은평구 대조동 서울특별시 은평구 통일로 767 상가1층(호반베르디움 스테이원),37.61068,126.930149
NH농협은행 삼선교,NH농협은행,삼선교,성북구,서울특별시 성북구 삼선동 서울특별시 성북구 동소문로 40 연세빌딩 1층,37.590074,127.010456
NH농협은행 삼성루첸금융센터,NH농협은행,삼성루첸금융센터,강남구,"서울특별시 강남구 대치2동 서울특별시 강남구 테헤란로 510 ,1층 101호(대치동,루첸타워)",37.507001,127.058656
NH농협은행 삼성역금융센터,NH농협은행,삼성역금융센터,강남구,서울특별시 강남구 대치2동 서울특별시 강남구 테헤란로 522,37.507905,127.061344
NH농협은행 삼양동,NH농협은행,삼양동,강북구,서울특별시 강북구 삼각산동 서울특별시 강북구 솔샘로 184,37.619954,127.01284
NH농협은행 상계동,NH농협은행,상계동,노원구,서울특별시 노원구 상계5동 서울특별시 노원구 상계로27길 26,37.659647,127.070118
NH농협은행 상도동,NH농협은행,상도동,동작구,서울특별시 동작구 상도제4동 서울특별시 동작구 상도로 106 1층,37.500472,126.932343
NH농협은행 서교동,NH농협은행,서교동,마포구,서울특별시 마포구 서교동 서울특별시 마포구 와우산로 121,37.553513,126.926758
NH농협은행 서여의도금융센터,NH농협은행,서여의도금융센터,영등포구,서울특별시 영등포구 여의동 서울특별시 영등포구 국회대로76길 22 신관 1층,37.529694,126.922378
NH농협은행 서울대역센터,NH농협은행,서울대역센터,관악구,서울특별시 관악구 중앙동 서울특별시 관악구 남부순환로 1801 라피스빌딩 1층,37.481822,126.950382
NH농협은행 서울대연건,NH농협은행,서울대연건,종로구,서울특별시 종로구 이화동 서울특별시 종로구 대학로 95,37.57978,127.001773
NH농협은행 서울대학교,NH농협은행,서울대학교,관악구,서울특별시 관악구 대학동 서울특별시 관악구 관악로 1 서울대학교 109동 1층,37.461003,126.952369
NH농협은행 서울시교육청,NH농협은행,서울시교육청,종로구,서울특별시 종로구 사직동 서울특별시 종로구 송월길 48,37.570054,126.966814
NH농협은행 서울역,NH농협은행,서울역,중구,서울특별시 중구 회현동 서울특별시 중구 후암로 110 서울시티타워빌딩 1층,37.554303,126.974049
NH농협은행 서울영업부,NH농협은행,서울영업부,강동구,서울특별시 강동구 성내제1동 서울특별시 강동구 올림픽로 528,37.528891,127.120278
NH농협은행 서초동,NH농협은행,서초동,서초구,서울특별시 서초구 서초3동 서울특별시 서초구 반포대로 93 해은빌딩 1층,37.48845,127.008729
NH농협은행 석촌역,NH농협은행,석촌역,송파구,서울특별시 송파구 송파1동 서울특별시 송파구 백제고분로 379 (송파동),37.505963,127.107706
NH농협은행 선정릉역,NH농협은행,선정릉역,강남구,서울특별시 강남구 역삼1동 서울특별시 강남구 선릉로 577 조선내화빌딩 2층,37.509924,127.043661
NH농협은행 성동금융센터,NH농협은행,성동금융센터,성동구,"서울특별시 성동구 행당제1동 서울특별시 성동구 왕십리로 326 4층, 2층",37.562753,127.033895
NH농협은행 성수역,NH농협은행,성수역,성동구,서울특별시 성동구 성수2가제3동 서울특별시 성동구 아차산로 103,37.545055,127.055818
NH농협은행 세종로기업센터,NH농협은행,세종로기업센터,종로구,서울특별시 종로구 사직동 서울특별시 종로구 새문안로 92 광화문오피시아빌딩 5층,37.569699,126.974908
NH농협은행 송파금융센터,NH농협은행,송파금융센터,송파구,서울특별시 송파구 가락본동 서울특별시 송파구 오금로 310,37.502401,127.126317
NH농협은행 수유,NH농협은행,수유,강북구,서울특별시 강북구 수유1동 서울특별시 강북구 도봉로 261 수유프라자 2층,37.631692,127.023468
NH농협은행 시흥동,NH농협은행,시흥동,금천구,서울특별시 금천구 시흥제1동 서울특별시 금천구 시흥대로 215 (시흥동),37.452934,126.900836
NH농협은행 시흥배곧,NH농협은행,시흥배곧,시흥시,경기도 시흥시 배곧1동 경기도 시흥시 서울대학로278번길 61 C동 246호,37.368185,126.730671
NH농협은행 신길동,NH농협은행,신길동,영등포구,"서울특별시 영등포구 신길제3동 서울특별시 영등포구 가마산로 407 (신길동,성락교회복음관빌딩)",37.503948,126.901848
NH농협은행 신당동,NH농협은행,신당동,중구,서울특별시 중구 신당제5동 서울특별시 중구 다산로 240 1층,37.564216,127.016535
NH농협은행 신사동금융센터,NH농협은행,신사동금융센터,강남구,서울특별시 강남구 신사동 서울특별시 강남구 도산대로 146 1층/4층,37.517935,127.024784
NH농협은행 신설동금융센터,NH농협은행,신설동금융센터,종로구,서울특별시 종로구 숭인제2동 서울특별시 종로구 난계로 255 1층(대경빌딩),37.574336,127.022915
NH농협은행 신용산,NH농협은행,신용산,용산구,서울특별시 용산구 한강로동 서울특별시 용산구 한강대로 95 용산 래미안 더센트럴 2층,37.529023,126.967105
NH농협은행 신월동,NH농협은행,신월동,양천구,서울특별시 양천구 신월6동 서울특별시 양천구 신월로 156,37.517347,126.841152
NH농협은행 신촌,NH농협은행,신촌,서대문구,서울특별시 서대문구 신촌동 서울특별시 서대문구 신촌로 155,37.556947,126.943248
NH농협은행 신촌중앙,NH농협은행,신촌중앙,서대문구,서울특별시 서대문구 신촌동 서울특별시 서대문구 신촌로 73,37.556307,126.934521
NH농협은행 압구정동,NH농협은행,압구정동,강남구,서울특별시 강남구 청담동 서울특별시 강남구 도산대로 447,37.524253,127.045062
NH농협은행 압구정역,NH농협은행,압구정역,강남구,서울특별시 강남구 압구정동 서울특별시 강남구 논현로 842 압구정빌딩 1층,37.52404,127.028746
NH농협은행 양재,NH농협은행,양재,강남구,서울특별시 강남구 도곡1동 서울특별시 강남구 강남대로 278 1층,37.488252,127.032702
NH농협은행 양재남,NH농협은행,양재남,서초구,서울특별시 서초구 양재2동 서울특별시 서초구 매헌로 24 농협은행 양재남지점,37.463421,127.035527
NH농협은행 양재하나로,NH농협은행,양재하나로,서초구,서울특별시 서초구 양재2동 서울특별시 서초구 청계산로 10,37.462302,127.045557
NH농협은행 여의도,NH농협은행,여의도,영등포구,서울특별시 영등포구 여의동 서울특별시 영등포구 여의대방로65길 10,37.51943,126.930285
NH농협은행 여의도국제금융센터,NH농협은행,여의도국제금융센터,영등포구,서울특별시 영등포구 여의동 서울특별시 영등포구 국제금융로8길 2 농협재단빌딩1층,37.522017,126.930048
NH농협은행 여의도대기업금융센터,NH농협은행,여의도대기업금융센터,영등포구,서울특별시 영등포구 여의동 서울특별시 영등포구 국제금융로8길 31 9층,37.519746,126.928066
NH농협은행 역삼금융센터,NH농협은행,역삼금융센터,강남구,서울특별시 강남구 역삼1동 서울특별시 강남구 테헤란로 123,37.499553,127.031395
NH농협은행 역삼동,NH농협은행,역삼동,서초구,서울특별시 서초구 서초2동 서울특별시 서초구 강남대로 351 청남빌딩 1층,37.494102,127.028929
NH농협은행 연신내,NH농협은행,연신내,은평구,서울특별시 은평구 불광제2동 서울특별시 은평구 통일로 860,37.619818,126.920911
NH농협은행 영등포,NH농협은행,영등포,영등포구,서울특별시 영등포구 당산제1동 서울특별시 영등포구 영등포로 150 C동 2층,37.520587,126.897544
NH농협은행 예금보험공사,NH농협은행,예금보험공사,중구,서울특별시 중구 명동 서울특별시 중구 청계천로 30,37.568502,126.980798
NH농협은행 오목교역,NH농협은행,오목교역,양천구,서울특별시 양천구 목1동 서울특별시 양천구 오목로 325 대학학원 1층,37.525107,126.873626
NH농협은행 용두동,NH농협은행,용두동,동대문구,서울특별시 동대문구 용신동 서울특별시 동대문구 왕산로 68,37.577485,127.030899
NH농협은행 용산금융센터,NH농협은행,용산금융센터,용산구,서울특별시 용산구 한강로동 서울특별시 용산구 청파로 122,37.533175,126.964734
NH농협은행 용산대통령실,NH농협은행,용산대통령실,용산구,서울특별시 용산구 이태원로 22 대통령실 건물 지하1층,37.533649,126.977597
NH농협은행 원효로,NH농협은행,원효로,용산구,"서울특별시 용산구 원효로제1동 서울특별시 용산구 원효로 271 삼이빌딩 1,2 층",37.541402,126.970093
NH농협은행 월곡동,NH농협은행,월곡동,성북구,서울특별시 성북구 월곡제2동 서울특별시 성북구 화랑로 79,37.602495,127.041187
NH농협은행 을지로4가,NH농협은행,을지로4가,중구,서울특별시 중구 을지로동 서울특별시 중구 을지로 191,37.56691,126.999299
NH농협은행 의원회관,NH농협은행,의원회관,영등포구,서울특별시 영등포구 여의동 서울특별시 영등포구 의사당대로 1 국회의원회관 1층,37.529371,126.916617
NH농협은행 이수역,NH농협은행,이수역,서초구,서울특별시 서초구 방배4동 서울특별시 서초구 동작대로 132,37.488251,126.982796
NH농협은행 이태원,NH농협은행,이태원,용산구,서울특별시 용산구 보광동 서울특별시 용산구 이태원로 191 3층,37.534856,126.995247
NH농협은행 일원동,NH농협은행,일원동,강남구,서울특별시 강남구 일원1동 서울특별시 강남구 양재대로55길 6,37.491321,127.088314
NH농협은행 자양로,NH농협은행,자양로,광진구,"서울특별시 광진구 구의제1동 서울특별시 광진구 자양로 126 (구의동, 성지하이츠 1층)",37.53895,127.083623
NH농협은행 잠실,NH농협은행,잠실,송파구,서울특별시 송파구 잠실본동 서울특별시 송파구 백제고분로 160,37.505022,127.084407
NH농협은행 잠실월드,NH농협은행,잠실월드,송파구,서울특별시 송파구 잠실6동 서울특별시 송파구 올림픽로35가길 9 2층 (잠실푸르지오월드마크),37.517484,127.103445
NH농협은행 잠실중앙,NH농협은행,잠실중앙,송파구,서울특별시 송파구 잠실2동 서울특별시 송파구 올림픽로 111,37.512123,127.083018
NH농협은행 장지동,NH농협은행,장지동,송파구,서울특별시 송파구 장지동 서울특별시 송파구 충민로2길 26 2층,37.477433,127.127362
NH농협은행 장한평금융센터,NH농협은행,장한평금융센터,동대문구,서울특별시 동대문구 장안제1동 서울특별시 동대문구 장한로 6 장안빌딩 1층,37.561905,127.065381
NH농협은행 전농동,NH농협은행,전농동,동대문구,서울특별시 동대문구 전농제2동 서울특별시 동대문구 전농로 136,37.577054,127.058114
NH농협은행 정릉,NH농협은행,정릉,성북구,서울특별시 성북구 정릉제4동 서울특별시 성북구 보국문로 40,37.608137,127.010263
NH농협은행 정부서울청사,NH농협은행,정부서울청사,종로구,서울특별시 종로구 사직동 서울특별시 종로구 세종대로 209,37.574908,126.975207
NH농협은행 정부서울청사별관,NH농협은행,정부서울청사별관,종로구,서울특별시 종로구 사직동 서울특별시 종로구 사직로8길 60 정부서울청사 별관,37.57361,126.975098
NH농협은행 종로1가,NH농협은행,종로1가,종로구,서울특별시 종로구 종로1.2.3.4가동 서울특별시 종로구 종로5길 7,37.570616,126.98056
NH농협은행 종로금융센터,NH농협은행,종로금융센터,종로구,서울특별시 종로구 종로1.2.3.4가동 서울특별시 종로구 우정국로 38 1층,37.572353,126.983465
NH농협은행 종로대기업금융센터,NH농협은행,종로대기업금융센터,종로구,서울특별시 종로구 종로1.2.3.4가동 서울특별시 종로구 종로5길 7 Tower 8빌딩 5층,37.570616,126.98056
NH농협은행 중계동,NH농협은행,중계동,노원구,서울특별시 노원구 상계6.7동 서울특별시 노원구 동일로 1351,37.649108,127.061678
NH농협은행 중앙본부,NH농협은행,중앙본부,중구,서울특별시 중구 소공동 서울특별시 중구 새문안로 16 농협중앙회 본관 로비층,37.566844,126.968052
NH농협은행 중화동,NH농협은행,중화동,중랑구,서울특별시 중랑구 중화제2동 서울특별시 중랑구 동일로 769 (중화동) 성심빌딩1층,37.59907,127.079573
NH농협은행 창동하나로,NH농협은행,창동하나로,도봉구,서울특별시 도봉구 창제4동 서울특별시 도봉구 마들로11길 20 1층,37.654794,127.051931
NH농협은행 천호동,NH농협은행,천호동,강동구,서울특별시 강동구 천호제2동 서울특별시 강동구 올림픽로 659 1층,37.540305,127.123565
NH농협은행 청담동,NH농협은행,청담동,강남구,서울특별시 강남구 청담동 서울특별시 강남구 영동대로 706,37.520778,127.057251
NH농협은행 청량리금융센터,NH농협은행,청량리금융센터,동대문구,서울특별시 동대문구 용신동 서울특별시 동대문구 왕산로 168 삼성화재 청량리사옥 2층,37.578811,127.042185
NH농협은행 충무로,NH농협은행,충무로,중구,서울특별시 중구 필동 서울특별시 중구 퇴계로 187,37.561312,126.992553
NH농협은행 충정로역,NH농협은행,충정로역,서대문구,서울특별시 서대문구 충현동 서울특별시 서대문구 충정로 23,37.561153,126.96295
NH농협은행 코엑스,NH농협은행,코엑스,강남구,서울특별시 강남구 삼성1동 서울특별시 강남구 테헤란로87길 22 511호,37.509633,127.059443
NH농협은행 태릉,NH농협은행,태릉,노원구,서울특별시 노원구 공릉1동 서울특별시 노원구 화랑로 447,37.618421,127.076974
NH농협은행 태평로금융센터,NH농협은행,태평로금융센터,중구,서울특별시 중구 소공동 서울특별시 중구 세종대로 92,37.564231,126.977583
NH농협은행 테헤란로금융센터,NH농협은행,테헤란로금융센터,강남구,서울특별시 강남구 대치4동 서울특별시 강남구 테헤란로 424 대치타워 1층,37.505493,127.053468
NH농협은행 평화,NH농협은행,평화,중구,서울특별시 중구 광희동 서울특별시 중구 청계천로 260-20,37.568634,127.00641
NH농협은행 한강로,NH농협은행,한강로,용산구,서울특별시 용산구 한강로동 서울특별시 용산구 한강대로 45,37.525271,126.963774
NH농협은행 합정동,NH농협은행,합정동,마포구,서울특별시 마포구 서교동 서울특별시 마포구 양화로 92 3층,37.552113,126.917931
NH농협은행 화곡,NH농협은행,화곡,양천구,서울특별시 양천구 신월1동 서울특별시 양천구 가로공원로 162,37.536486,126.83419
NH농협은행 화양,NH농협은행,화양,성동구,서울특별시 성동구 성수2가제3동 서울특별시 성동구 아차산로17길 48 1층 (성수SKV센터1동),37.546394,127.065889
NH농협은행 회현역,NH농협은행,회현역,중구,서울특별시 중구 회현동 서울특별시 중구 퇴계로 57,37.559121,126.97834
NH농협은행 흑석동,NH농협은행,흑석동,동작구,서울특별시 동작구 흑석동 서울특별시 동작구 서달로 150,37.506627,126.962184
SC제일은행 가락중앙,SC제일은행,가락중앙,송파구,서울특별시 송파구 가락동 중대로9길 39,37.496521,127.118279
SC제일은행 강남PB센터,SC제일은행,강남PB센터,강남구,서울특별시 강남구 도곡동 남부순환로 2806,37.489096,127.052908
SC제일은행 강남역,SC제일은행,강남역,강남구,서울특별시 강남구 역삼동 강남대로 406,37.498941,127.027623
SC제일은행 강남파이낸스,SC제일은행,강남파이낸스,강남구,서울특별시 강남구 역삼동 테헤란로 152,37.500024,127.036509
SC제일은행 강동역,SC제일은행,강동역,강동구,서울특별시 강동구 성내동 천호대로 1102,37.535114,127.133806
SC제일은행 고덕역,SC제일은행,고덕역,강동구,서울특별시 강동구 명일동 고덕로 266,37.554694,127.155115
SC제일은행 광장동,SC제일은행,광장동,광진구,서울특별시 광진구 구의동 구의강변로 106,37.539857,127.094896
SC제일은행 광화문,SC제일은행,광화문,종로구,서울특별시 종로구 종로1가 종로 1,37.570948,126.977879
SC제일은행 구로디지털,SC제일은행,구로디지털,구로구,서울특별시 구로구 구로동 시흥대로 551,37.482511,126.900721
SC제일은행 금호동,SC제일은행,금호동,성동구,서울특별시 성동구 금호동4가 독서당로 302,37.548081,127.022568
SC제일은행 낙원,SC제일은행,낙원,종로구,서울특별시 종로구 돈의동 돈화문로11길 23,37.572324,126.990101
SC제일은행 남가좌동,SC제일은행,남가좌동,서대문구,서울특별시 서대문구 남가좌동 증가로 150,37.577827,126.921115
SC제일은행 답십리,SC제일은행,답십리,동대문구,서울특별시 동대문구 답십리동 천호대로 291-1,37.566579,127.053472
SC제일은행 대치동,SC제일은행,대치동,강남구,서울특별시 강남구 대치동 도곡로 438,37.497832,127.05841
SC제일은행 도곡동,SC제일은행,도곡동,강남구,서울특별시 강남구 역삼동 언주로 337,37.497922,127.044362
SC제일은행 도곡스위트,SC제일은행,도곡스위트,강남구,서울특별시 강남구 도곡동 언주로30길 21,37.488865,127.052015
SC제일은행 독산동,SC제일은행,독산동,금천구,서울특별시 금천구 독산동 시흥대로 414,37.470586,126.898551
SC제일은행 돈암동,SC제일은행,돈암동,성북구,서울특별시 성북구 동소문동5가 동소문로 84,37.592056,127.014563
SC제일은행 동교동,SC제일은행,동교동,마포구,서울특별시 마포구 동교동 신촌로 12,37.558088,126.927692
SC제일은행 동대문역,SC제일은행,동대문역,종로구,서울특별시 종로구 창신동 율곡로 309,37.570277,127.009978
SC제일은행 등촌동,SC제일은행,등촌동,양천구,서울특별시 양천구 목동 등촌로 204,37.547862,126.86352
SC제일은행 마곡역,SC제일은행,마곡역,강서구,서울특별시 강서구 마곡동 마곡중앙로 55,37.558616,126.826261
SC제일은행 마장동,SC제일은행,마장동,성동구,서울특별시 성동구 마장동 마장로 76,37.570262,127.041997
SC제일은행 마장역,SC제일은행,마장역,성동구,서울특별시 성동구 마장동 마장로 291,37.565853,127.041967
SC제일은행 마천동,SC제일은행,마천동,송파구,서울특별시 송파구 마천동 마천로 22,37.496884,127.149964
SC제일은행 마포역,SC제일은행,마포역,마포구,서울특별시 마포구 도화동 마포대로 34,37.53926,126.946151
SC제일은행 목동5단지,SC제일은행,목동5단지,양천구,서울특별시 양천구 목동 목동동로 350,37.533626,126.881704
SC제일은행 목동9단지,SC제일은행,목동9단지,양천구,서울특별시 양천구 신정동 목동서로 340,37.518195,126.865954
SC제일은행 목동역,SC제일은행,목동역,양천구,서울특별시 양천구 신정동 목동로 189,37.525388,126.864213
SC제일은행 무역센터,SC제일은행,무역센터,강남구,서울특별시 강남구 삼성동 테헤란로87길 46,37.510982,127.058206
SC제일은행 반포WM센터,SC제일은행,반포WM센터,서초구,서울특별시 서초구 반포동 반포대로 287,37.504344,127.000769
SC제일은행 방배동,SC제일은행,방배동,서초구,서울특별시 서초구 방배동 방배로 245,37.494767,126.988864
SC제일은행 방이역,SC제일은행,방이역,송파구,서울특별시 송파구 방이동 마천로 39,37.50913,127.12525
SC제일은행 사당동,SC제일은행,사당동,동작구,서울특별시 동작구 사당동 동작대로 13,37.477784,126.981247
SC제일은행 상계동,SC제일은행,상계동,노원구,서울특별시 노원구 상계동 동일로 1528,37.664798,127.0581
SC제일은행 상도동,SC제일은행,상도동,동작구,서울특별시 동작구 상도동 상도로 102,37.499942,126.931776
SC제일은행 상봉역,SC제일은행,상봉역,중랑구,서울특별시 중랑구 상봉동 망우로 291,37.596448,127.084793
SC제일은행 서울대역,SC제일은행,서울대역,관악구,서울특별시 관악구 봉천동 남부순환로 1811,37.481746,126.951436
SC제일은행 서초동,SC제일은행,서초동,서초구,서울특별시 서초구 서초동 반포대로 76,37.487337,127.010397
SC제일은행 석관동,SC제일은행,석관동,성북구,서울특별시 성북구 석관동 돌곶이로 48,37.608471,127.059756
SC제일은행 성수동,SC제일은행,성수동,성동구,서울특별시 성동구 성수2가 동일로 89,37.540767,127.062865
SC제일은행 송파,SC제일은행,송파,송파구,서울특별시 송파구 송파동 가락로 183,37.505165,127.114526
SC제일은행 수유동,SC제일은행,수유동,강북구,서울특별시 강북구 수유1동 노해로 3,37.635897,127.022703
SC제일은행 신용두동,SC제일은행,신용두동,동대문구,서울특별시 동대문구 용두동 천호대로 64,37.573614,127.030278
SC제일은행 압구정PB센터,SC제일은행,압구정PB센터,강남구,서울특별시 강남구 신사동 언주로 869,37.528204,127.033288
SC제일은행 압구정동,SC제일은행,압구정동,강남구,서울특별시 강남구 압구정동 압구정로29길 68,37.531839,127.027494
SC제일은행 압구정로데오,SC제일은행,압구정로데오,강남구,서울특별시 강남구 신사동 선릉로 823,37.525636,127.039343
SC제일은행 양재동,SC제일은행,양재동,서초구,서울특별시 서초구 서초동 강남대로 251,37.485667,127.032979
SC제일은행 여의도중부,SC제일은행,여의도중부,영등포구,서울특별시 영등포구 여의도동 국제금융로 56,37.522316,126.929715
SC제일은행 연신내,SC제일은행,연신내,은평구,서울특별시 은평구 대조동 연서로 222,37.618138,126.920389
SC제일은행 연희동,SC제일은행,연희동,서대문구,서울특별시 서대문구 연희동 증가로 9,37.569206,126.931394
SC제일은행 영등포,SC제일은행,영등포,영등포구,서울특별시 영등포구 영등포동6가 영중로 61,37.521895,126.904616
SC제일은행 영업부,SC제일은행,영업부,종로구,서울특별시 종로구 공평동 종로 47,37.571081,126.982482
SC제일은행 용산,SC제일은행,용산,용산구,서울특별시 용산구 한강로2가 한강대로 92,37.528176,126.967523
SC제일은행 우장산역,SC제일은행,우장산역,강서구,서울특별시 강서구 내발산동 강서로 277,37.550456,126.836011
SC제일은행 월곡동,SC제일은행,월곡동,성북구,서울특별시 성북구 하월곡동 오패산로 49,37.606398,127.036436
SC제일은행 을지로,SC제일은행,을지로,중구,서울특별시 중구 을지로4가 을지로 158,37.565928,126.99559
SC제일은행 응암동,SC제일은행,응암동,은평구,서울특별시 은평구 녹번동 은평로11길 43771,37.601814,126.922731
SC제일은행 이촌동,SC제일은행,이촌동,용산구,서울특별시 용산구 이촌동 이촌로 223-13,37.521312,126.972083
SC제일은행 자양서,SC제일은행,자양서,광진구,서울특별시 광진구 자양동 뚝섬로 587,37.53348,127.075408
SC제일은행 잠실,SC제일은행,잠실,송파구,서울특별시 송파구 신천동 올림픽로35길 124,37.517882,127.101803
SC제일은행 잠실서,SC제일은행,잠실서,송파구,서울특별시 송파구 잠실7동 올림픽로4길 40,37.506562,127.074257
SC제일은행 잠원동,SC제일은행,잠원동,서초구,서울특별시 서초구 잠원동 신반포로 257,37.508614,127.011938
SC제일은행 장사동,SC제일은행,장사동,종로구,서울특별시 종로구 장사동 청계천로 149,37.568861,126.994071
SC제일은행 장안동,SC제일은행,장안동,동대문구,서울특별시 동대문구 장안동 장안벚꽃로 107,37.571326,127.074533
SC제일은행 제일,SC제일은행,제일,중구,서울특별시 중구 회현동 1가 남대문로 42,37.560373,126.979601
SC제일은행 청담역,SC제일은행,청담역,강남구,서울특별시 강남구 삼성동 삼성로 640,37.517122,127.051482
SC제일은행 청량리,SC제일은행,청량리,동대문구,서울특별시 동대문구 청량리동 흥릉로 3,37.580616,127.04475
SC제일은행 테헤란로,SC제일은행,테헤란로,강남구,서울특별시 강남구 역삼동 테헤란로 314,37.502982,127.045239
SC제일은행 한국은행,SC제일은행,한국은행,중구,서울특별시 중구 남대문로 남대문로 39,37.562515,126.979723
SC제일은행 합정동,SC제일은행,합정동,마포구,서울특별시 마포구 합정동 월드컵로 1길 14,37.55005,126.912062
SC제일은행 훼밀리타운,SC제일은행,훼밀리타운,송파구,서울특별시 송파구 문정동 중대로 24,37.490741,127.117576
Sh수협은행 DMC금융센터,Sh수협은행,DMC금융센터,은평구,"서울특별시 은평구 증산동 수색로 200, DMC센트럴자이 401동 216~220호",37.57942,126.900673
Sh수협은행 가락동금융센터,Sh수협은행,가락동금융센터,송파구,서울특별시 송파구 가락동 양재대로 932 가락동 농수산물도매시장 내 판매동 2층 2-1호,37.494537,127.108713
Sh수협은행 가락시장,Sh수협은행,가락시장,송파구,"서울특별시 송파구 가락동 양재대로 932, 수산물시장동 2층 901-1호",37.494537,127.108713
Sh수협은행 가산디지털금융센터,Sh수협은행,가산디지털금융센터,금천구,서울특별시 금천구 가산동 가마산로 96 101호,37.485261,126.877464
Sh수협은행 강남기업금융본부,Sh수협은행,강남기업금융본부,강남구,서울특별시 강남구 역삼동 논현로 507 성지하이츠3차 1층,37.501578,127.036157
Sh수협은행 강서시장,Sh수협은행,강서시장,강서구,서울특별시 강서구 외발산동 발산로 24,37.553588,126.819186
Sh수협은행 공덕금융센터,Sh수협은행,공덕금융센터,마포구,서울특별시 마포구 공덕동 만리재로 14,37.543994,126.952835
Sh수협은행 공릉동금융센터,Sh수협은행,공릉동금융센터,노원구,서울특별시 노원구 공릉동 동일로 1114,37.629301,127.071603
Sh수협은행 교대역금융센터,Sh수협은행,교대역금융센터,서초구,서울특별시 서초구 서초동 서초중앙로24길 35,37.495462,127.017504
Sh수협은행 금천,Sh수협은행,금천,금천구,서울특별시 금천구 독산동 시흥대로 315,37.460991,126.896265
Sh수협은행 길동금융센터,Sh수협은행,길동금융센터,강동구,서울특별시 강동구 길동 양재대로 1494,37.538984,127.140758
Sh수협은행 노량진수산시장,Sh수협은행,노량진수산시장,동작구,서울특별시 동작구 노량진동 노들로 674 2층,37.514824,126.937976
Sh수협은행 녹번동,Sh수협은행,녹번동,은평구,서울특별시 은평구 녹번동 서오릉로 15,37.602525,126.925919
Sh수협은행 당산역,Sh수협은행,당산역,영등포구,서울특별시 영등포구 당산동6가 양평로 64,37.53514,126.899966
Sh수협은행 대림동,Sh수협은행,대림동,영등포구,서울특별시 영등포구 대림동 대림로 182,37.49721,126.899199
Sh수협은행 동대문금융센터,Sh수협은행,동대문금융센터,중구,서울특별시 중구 신당동 마장로1길 25,37.569182,127.011884
Sh수협은행 동소문동,Sh수협은행,동소문동,성북구,서울특별시 성북구 동소문동4가 동소문로 47,37.590901,127.010728
Sh수협은행 뚝섬역,Sh수협은행,뚝섬역,성동구,"서울특별시 성동구 성수동1가 성수일로 77, 제108호, 제109호",37.547405,127.050343
Sh수협은행 마곡역,Sh수협은행,마곡역,강서구,"서울특별시 강서구 마곡동 공항대로 168, 마곡 747 203호,204호,205호",37.559274,126.826137
Sh수협은행 마포금융센터,Sh수협은행,마포금융센터,마포구,서울특별시 마포구 용강동 토정로 300,37.540513,126.942327
Sh수협은행 목동역,Sh수협은행,목동역,양천구,"서울특별시 양천구 신정동 오목로 232, 보성팰리스 114호",37.525764,126.863206
Sh수협은행 미아역,Sh수협은행,미아역,강북구,서울특별시 강북구 미아동 도봉로 191,37.62577,127.02605
Sh수협은행 본점영업본부,Sh수협은행,본점영업본부,송파구,"서울특별시 송파구 신천동 오금로 62, 1층",37.516382,127.105479
Sh수협은행 봉천동,Sh수협은행,봉천동,관악구,서울특별시 관악구 봉천동 쑥고개로 91,37.479393,126.946804
Sh수협은행 사당역,Sh수협은행,사당역,동작구,서울특별시 동작구 사당동 동작대로 43,37.480418,126.981456
Sh수협은행 상봉역,Sh수협은행,상봉역,중랑구,서울특별시 중랑구 상봉동 면목로 492,37.595904,127.085969
Sh수협은행 서여의도종합금융본부,Sh수협은행,서여의도종합금융본부,영등포구,서울특별시 영등포구 여의도동 국회대로 68길 11호,37.529234,126.919669
Sh수협은행 서울중앙금융센터,Sh수협은행,서울중앙금융센터,중구,"서울특별시 중구 다동 남대문로 117, 1층",37.567783,126.982306
Sh수협은행 서초동금융센터,Sh수협은행,서초동금융센터,서초구,"서울특별시 서초구 서초동 강남대로 349, 우남빌딩 1층",37.493907,127.028843
Sh수협은행 송파역,Sh수협은행,송파역,송파구,서울특별시 송파구 석촌동 송파대로 389,37.502084,127.109535
Sh수협은행 수유동,Sh수협은행,수유동,강북구,서울특별시 강북구 수유동 노해로 43,37.648266,127.034006
Sh수협은행 신당역,Sh수협은행,신당역,중구,"서울특별시 중구 흥인동 퇴계로 395, 일신빌딩",37.565501,127.015519
Sh수협은행 신사역,Sh수협은행,신사역,강남구,"서울특별시 강남구 논현동 도산대로 114, 수일빌딩 1층",37.516449,127.021217
Sh수협은행 신설동역,Sh수협은행,신설동역,동대문구,서울특별시 동대문구 신설동 천호대로 2,37.575005,127.023558
Sh수협은행 쌍문동,Sh수협은행,쌍문동,도봉구,서울특별시 도봉구 쌍문동 도봉로 475,37.648266,127.034006
Sh수협은행 암사역,Sh수협은행,암사역,강동구,서울특별시 강동구 암사동 올림픽로 782,37.550866,127.128126
Sh수협은행 압구정금융센터,Sh수협은행,압구정금융센터,강남구,서울특별시 강남구 신사동 논현로 839,37.523661,127.027942
Sh수협은행 양재금융센터,Sh수협은행,양재금융센터,서초구,서울특별시 서초구 서초동 남부순환로 2569,37.48465,127.031724
Sh수협은행 양재동,Sh수협은행,양재동,서초구,"서울특별시 서초구 양재동 바우뫼로 184, 향천빌딩",37.478612,127.040331
Sh수협은행 여의도종합금융본부,Sh수협은행,여의도종합금융본부,영등포구,"서울특별시 영등포구 여의도동 국제금융로 6길 26, 한국노총복지센터",37.521955,126.926974
Sh수협은행 역삼금융센터,Sh수협은행,역삼금융센터,강남구,서울특별시 강남구 역삼동 논현로 507 성지하이츠3차 1층,37.501578,127.036157
Sh수협은행 역삼동,Sh수협은행,역삼동,강남구,"서울특별시 강남구 역삼동 테헤란로 134, 포스틸타워",37.499375,127.033803
Sh수협은행 연희로금융센터,Sh수협은행,연희로금융센터,마포구,서울특별시 마포구 연남동 연희로 39,37.5624,126.92724
Sh수협은행 영등포금융센터,Sh수협은행,영등포금융센터,영등포구,"서울특별시 영등포구 영등포동7가 국회대로 50길 20, 포레나영등포 204-207호",37.523821,126.905669
Sh수협은행 오금동금융센터,Sh수협은행,오금동금융센터,송파구,"서울특별시 송파구 오금동 동남로 317, 104호, 201호",37.503851,127.138155
Sh수협은행 용산역,Sh수협은행,용산역,용산구,"서울특별시 용산구 한강로2가 한강대로 69, 203호, 204-1호, 204-2호",37.52704,126.964892
Sh수협은행 을지로금융센터,Sh수협은행,을지로금융센터,중구,서울특별시 중구 오장동 마른내로 111,37.564614,127.000271
Sh수협은행 일원역,Sh수협은행,일원역,강남구,"서울특별시 강남구 일원동 일원로 115, 삼성생명 일원역빌딩 102~107호",37.484023,127.08446
Sh수협은행 장안평,Sh수협은행,장안평,동대문구,서울특별시 동대문구 장안동 천호대로 381,37.562308,127.061386
Sh수협은행 종로5가역,Sh수협은행,종로5가역,종로구,서울특별시 종로구 종로5가 종로 207,37.571291,127.00071
Sh수협은행 중부기업금융본부,Sh수협은행,중부기업금융본부,중구,서울특별시 중구 다동 남대문로117,37.567783,126.982306
Sh수협은행 중화동금융센터,Sh수협은행,중화동금융센터,중랑구,서울특별시 중랑구 묵동 동일로 773,37.605658,127.078369
Sh수협은행 창동역금융센터,Sh수협은행,창동역금융센터,도봉구,"서울특별시 도봉구 창동 마들로 13길 61, 201-1호",37.654539,127.049926
Sh수협은행 테헤란로금융센터,Sh수협은행,테헤란로금융센터,강남구,"서울특별시 강남구 대치동 테헤란로 418, 다봉빌딩 1층",37.505098,127.052223
Sh수협은행 투자금융본부,Sh수협은행,투자금융본부,중구,"서울특별시 중구 다동 남대문로 117, 3층",37.567783,126.982306
Sh수협은행 학동역금융센터,Sh수협은행,학동역금융센터,강남구,서울특별시 강남구 논현동 학동로 206 동화빌딩 1층,37.513903,127.031522
Sh수협은행 한국과학기술회관,Sh수협은행,한국과학기술회관,강남구,서울특별시 강남구 역삼동 테헤란로7길 22,37.500722,127.030769
Sh수협은행 홍대역금융센터,Sh수협은행,홍대역금융센터,마포구,"서울특별시 마포구 동교동 양화로 165, 2층",37.557131,126.923616
Sh수협은행 화곡역,Sh수협은행,화곡역,강서구,서울특별시 강서구 화곡동 화곡로 179,37.54231,126.841286
iM뱅크(구 대구은행) 가산디지털금융센터,iM뱅크(구 대구은행),가산디지털금융센터,금천구,서울특별시 금천구 가산동 가산디지털1로 186,37.481913,126.881581
iM뱅크(구 대구은행) 강남영업부,iM뱅크(구 대구은행),강남영업부,강남구,서울특별시 강남구 삼성동 영동대로520,37.51364,127.061137
iM뱅크(구 대구은행) 마곡금융센터,iM뱅크(구 대구은행),마곡금융센터,강서구,서울특별시 강서구 마곡동 공항대로 209,37.559753,126.830889
iM뱅크(구 대구은행) 서울영업부,iM뱅크(구 대구은행),서울영업부,중구,서울특별시 중구 다동 남대문로125,37.568371,126.982298
iM뱅크(구 대구은행) 여의도영업부,iM뱅크(구 대구은행),여의도영업부,영등포구,서울특별시 영등포구 여의도동 여의대로66,37.52454,126.923718
광주은행 강남,광주은행,강남,강남구,서울특별시 강남구 역삼동 테헤란로 234,37.50193,127.041885
광주은행 논현,광주은행,논현,서초구,서울특별시 서초구 잠원동 강남대로 559,37.511745,127.020649
광주은행 마곡,광주은행,마곡,강서구,서울특별시 강서구 마곡동 공항대로 248,37.55863,126.83521
광주은행 삼성금융센터,광주은행,삼성금융센터,강남구,서울특별시 강남구 삼성동 테헤란로 425,37.506212,127.053418
광주은행 서울영업부,광주은행,서울영업부,중구,서울특별시 중구 다동 남대문로 109,37.567108,126.982275
광주은행 서초동,광주은행,서초동,서초구,서울특별시 서초구 서초동 서초대로 286,37.493173,127.013139
광주은행 성수금융센터,광주은행,성수금융센터,성동구,서울특별시 성동구 성수동2가 아차산로 113,37.544611,127.05696
광주은행 수도권금융센터,광주은행,수도권금융센터,영등포구,서울특별시 영등포구 여의도동 여의나루로 81,37.524288,126.927732
광주은행 양재,광주은행,양재,서초구,서울특별시 서초구 서초동 남부순환로 2583,37.484762,127.033039
광주은행 여의도,광주은행,여의도,영등포구,서울특별시 영등포구 여의도동 국제금융로 2길 17,37.524139,126.926029
광주은행 잠실금융센터,광주은행,잠실금융센터,송파구,서울특별시 송파구 잠실동 올림픽로8길 7,37.511068,127.080251
광주은행 화곡동,광주은행,화곡동,강서구,서울특별시 강서구 화곡동 화곡로 142,37.540848,126.837599
신한은행 FI공기업영업부,신한은행,FI공기업영업부,영등포구,서울특별시 영등포구 여의도동 국제금융로2길,37.524057,126.926033
신한은행 FI영업1부,신한은행,FI영업1부,영등포구,서울특별시 영등포구 여의도동 국제금융로2길,37.524057,126.926033
신한은행 FI영업2부,신한은행,FI영업2부,영등포구,서울특별시 영등포구 여의도동 국제금융로2길,37.524057,126.926033
신한은행 GS타워,신한은행,GS타워,강남구,서울특별시 강남구 역삼동 논현로,37.502029,127.03729
신한은행 GS타워대기업금융센터,신한은행,GS타워대기업금융센터,강남구,서울특별시 강남구 역삼동 논현로,37.502029,127.03729
신한은행 KBS,신한은행,KBS,영등포구,서울특별시 영등포구 여의도동 여의공원로,37.524705,126.916499
신한은행 KBS미디어센터(출),신한은행,KBS미디어센터(출),마포구,서울특별시 마포구 매봉산로 45,37.5765,126.890865
신한은행 가락동금융센터,신한은행,가락동금융센터,송파구,서울특별시 송파구 가락동 송파대로,37.49372,127.118338
신한은행 가산디지털금융센터,신한은행,가산디지털금융센터,금천구,서울특별시 금천구 가산동 디지털로,37.47545,126.881889
신한은행 가양역금융센터,신한은행,가양역금융센터,강서구,서울특별시 강서구 등촌동 화곡로,37.560233,126.855488
신한은행 강남구청,신한은행,강남구청,강남구,서울특별시 강남구 삼성동 학동로,37.517563,127.047469
신한은행 강남구청역,신한은행,강남구청역,강남구,서울특별시 강남구 삼성동 학동로,37.51709,127.041655
신한은행 강남대기업금융센터,신한은행,강남대기업금융센터,강남구,서울특별시 강남구 대치동 테헤란로,37.507899,127.061342
신한은행 강남역금융센터,신한은행,강남역금융센터,서초구,서울특별시 서초구 서초동 서초대로,37.496563,127.024767
신한은행 강남중앙금융센터,신한은행,강남중앙금융센터,강남구,서울특별시 강남구 역삼동 테헤란로,37.500842,127.035668
신한은행 강동구청역,신한은행,강동구청역,강동구,서울특별시 강동구 성내동 강동대로,37.528085,127.12011
신한은행 강동금융센터,신한은행,강동금융센터,강동구,서울특별시 강동구 천호동 올림픽로,37.541458,127.124831
신한은행 강북구청,신한은행,강북구청,강북구,서울특별시 강북구 수유동 도봉로89길,37.639375,127.025422
신한은행 강북금융센터,신한은행,강북금융센터,강북구,서울특별시 강북구 번동 도봉로,37.639718,127.027857
신한은행 개롱역,신한은행,개롱역,송파구,서울특별시 송파구 가락동 오금로,37.497988,127.133917
신한은행 개봉동,신한은행,개봉동,구로구,서울특별시 구로구 개봉동 경인로,37.497566,126.856106
신한은행 개포동,신한은행,개포동,강남구,서울특별시 강남구 개포동 개포로,37.483994,127.056212
신한은행 갤러리아팰리스,신한은행,갤러리아팰리스,송파구,서울특별시 송파구 잠실동 올림픽로,37.511189,127.094068
신한은행 건국대학교,신한은행,건국대학교,광진구,서울특별시 광진구 화양동 능동로,37.541861,127.078155
신한은행 건국대학교병원(출),신한은행,건국대학교병원(출),광진구,서울특별시 광진구 화양동 능동로,37.540874,127.072265
신한은행 검찰청(출),신한은행,검찰청(출),서초구,서울특별시 서초구 서초동 반포대로,37.496022,127.011479
신한은행 고덕동,신한은행,고덕동,강동구,서울특별시 강동구 고덕동 고덕로,37.557189,127.164413
신한은행 공덕금융센터,신한은행,공덕금융센터,마포구,서울특별시 마포구 공덕동 백범로,37.543224,126.951592
신한은행 공항동,신한은행,공항동,강서구,서울특별시 강서구 공항동 공항대로,37.561757,126.809392
신한은행 광교기업영업부,신한은행,광교기업영업부,중구,서울특별시 중구 삼각동 청계천로,37.568182,126.983512
신한은행 광교영업부,신한은행,광교영업부,중구,서울특별시 중구 삼각동 청계천로,37.568182,126.983512
신한은행 광장동,신한은행,광장동,광진구,서울특별시 광진구 광장동 아차산로,37.541487,127.097719
신한은행 광화문,신한은행,광화문,중구,서울특별시 중구 태평로1가 세종대로,37.568601,126.976421
신한은행 교대역,신한은행,교대역,서초구,서울특별시 서초구 서초동 서초대로,37.494039,127.015901
신한은행 구로구청,신한은행,구로구청,구로구,서울특별시 구로구 구로동 가마산로,37.494983,126.887295
신한은행 구로디지털금융센터,신한은행,구로디지털금융센터,구로구,서울특별시 구로구 구로동 디지털로,37.482491,126.894432
신한은행 구로역금융센터,신한은행,구로역금융센터,구로구,서울특별시 구로구 구로동 경인로,37.503106,126.878991
신한은행 구파발역금융센터,신한은행,구파발역금융센터,은평구,서울특별시 은평구 진관동 진관2로,37.635405,126.919578
신한은행 국립중앙의료원(출),신한은행,국립중앙의료원(출),중구,서울특별시 중구 을지로6가 을지로,37.567449,127.005904
신한은행 군인공제회관,신한은행,군인공제회관,강남구,서울특별시 강남구 도곡동 남부순환로,37.489092,127.0529
신한은행 군자역,신한은행,군자역,광진구,서울특별시 광진구 중곡동 천호대로,37.557378,127.079892
신한은행 그랜드코리아레저(출),신한은행,그랜드코리아레저(출),강남구,서울특별시 강남구 삼성동 테헤란로87길,37.512012,127.057528
신한은행 기업영업부,신한은행,기업영업부,중구,서울특별시 중구 태평로2가 세종대로9길,37.561112,126.974571
신한은행 길동,신한은행,길동,강동구,서울특별시 강동구 길동 양재대로,37.5366,127.139207
신한은행 길음동,신한은행,길음동,성북구,서울특별시 성북구 길음동 동소문로,37.602614,127.022234
신한은행 김포공항,신한은행,김포공항,강서구,서울특별시 강서구 공항동 하늘길,37.55906,126.802793
신한은행 김포공항 국제선(출),신한은행,김포공항 국제선(출),강서구,서울특별시 강서구 하늘길 38,37.566027,126.800904
신한은행 난곡,신한은행,난곡,관악구,서울특별시 관악구 신림동 난우길,37.473189,126.919066
신한은행 남가좌동,신한은행,남가좌동,서대문구,서울특별시 서대문구 북가좌동 수색로,37.570904,126.912253
신한은행 남대문,신한은행,남대문,중구,서울특별시 중구 남창동 소월로,37.559371,126.97619
신한은행 남부법원,신한은행,남부법원,양천구,서울특별시 양천구 신정동 신월로,37.521899,126.863773
신한은행 노원역,신한은행,노원역,노원구,서울특별시 노원구 상계동 동일로,37.654024,127.061074
신한은행 노원을지병원(출),신한은행,노원을지병원(출),노원구,서울특별시 노원구 하계동 한글비석로,37.636273,127.069781
신한은행 논현동금융센터,신한은행,논현동금융센터,강남구,서울특별시 강남구 역삼동 강남대로,37.504156,127.025146
신한은행 답십리,신한은행,답십리,동대문구,서울특별시 동대문구 답십리동 전농로,37.56665,127.056751
신한은행 당산동,신한은행,당산동,영등포구,서울특별시 영등포구 당산동2가 영등포로,37.52208,126.894599
신한은행 당산역금융센터,신한은행,당산역금융센터,영등포구,서울특별시 영등포구 양평동4가 선유로,37.535354,126.897739
신한은행 대검찰청(출),신한은행,대검찰청(출),서초구,서울특별시 서초구 반포대로 157,37.493937,127.005171
신한은행 대기업영업1부,신한은행,대기업영업1부,중구,서울특별시 중구 태평로2가 세종대로9길,37.561112,126.974571
신한은행 대기업영업2부,신한은행,대기업영업2부,중구,서울특별시 중구 태평로2가 세종대로9길,37.561112,126.974571
신한은행 대기업영업3부,신한은행,대기업영업3부,중구,서울특별시 중구 태평로2가 세종대로9길,37.561112,126.974571
신한은행 대림동,신한은행,대림동,영등포구,서울특별시 영등포구 대림동 시흥대로,37.487482,126.90456
신한은행 대법원(출),신한은행,대법원(출),서초구,서울특별시 서초구 서초대로 219,37.492408,127.005273
신한은행 대치동,신한은행,대치동,강남구,서울특별시 강남구 대치동 삼성로,37.498651,127.061362
신한은행 대치역,신한은행,대치역,강남구,서울특별시 강남구 대치동 삼성로,37.495043,127.066068
신한은행 대학로금융센터,신한은행,대학로금융센터,종로구,서울특별시 종로구 혜화동 대학로,37.584242,127.002033
신한은행 대한항공(출),신한은행,대한항공(출),강서구,서울특별시 강서구 하늘길 260,37.549357,126.814453
신한은행 대흥역,신한은행,대흥역,마포구,서울특별시 마포구 대흥동 백범로,37.548051,126.94104
신한은행 도곡,신한은행,도곡,강남구,서울특별시 강남구 역삼동 역삼로,37.499197,127.048428
신한은행 도곡역,신한은행,도곡역,강남구,서울특별시 강남구 대치동 남부순환로,37.490834,127.055933
신한은행 독산동,신한은행,독산동,금천구,서울특별시 금천구 독산동 시흥대로,37.473265,126.898793
신한은행 독산동외국인중심디지털출장소,신한은행,독산동외국인중심디지털출장소,금천구,서울특별시 금천구 시흥대로 446,37.473317,126.898828
신한은행 돈암동,신한은행,돈암동,성북구,서울특별시 성북구 동소문동6가 동소문로,37.592644,127.015195
신한은행 돌곶이역,신한은행,돌곶이역,성북구,서울특별시 성북구 석관동 화랑로,37.610748,127.057804
신한은행 동국대학교,신한은행,동국대학교,중구,서울특별시 중구 필동3가 필동로1길,37.557636,127.000407
신한은행 동대문,신한은행,동대문,중구,서울특별시 중구 신당동 마장로,37.568482,127.011457
신한은행 동부법원,신한은행,동부법원,송파구,서울특별시 송파구 문정동 법원로,37.483513,127.120099
신한은행 동부이촌동,신한은행,동부이촌동,용산구,서울특별시 용산구 이촌동 이촌로,37.518418,126.979284
신한은행 동부지방검찰청(출),신한은행,동부지방검찰청(출),송파구,서울특별시 송파구 문정동 정의로,37.483027,127.1175
신한은행 둔촌동,신한은행,둔촌동,강동구,서울특별시 강동구 성내동 양재대로,37.52392,127.134073
신한은행 등촌역,신한은행,등촌역,강서구,서울특별시 강서구 등촌동 등촌로,37.550183,126.863623
신한은행 디지털중앙금융센터,신한은행,디지털중앙금융센터,금천구,서울특별시 금천구 가산동 가산디지털1로,37.481812,126.881791
신한은행 뚝섬역,신한은행,뚝섬역,성동구,서울특별시 성동구 성수동1가 아차산로,37.547203,127.048331
신한은행 마곡역금융센터,신한은행,마곡역금융센터,강서구,서울특별시 강서구 마곡동 공항대로,37.559915,126.829098
신한은행 마들역,신한은행,마들역,노원구,서울특별시 노원구 상계동 동일로,37.666504,127.057598
신한은행 마포,신한은행,마포,마포구,서울특별시 마포구 공덕동 마포대로,37.546378,126.953256
신한은행 마포중앙,신한은행,마포중앙,마포구,서울특별시 마포구 도화동 마포대로,37.541328,126.948947
신한은행 명동금융센터,신한은행,명동금융센터,중구,서울특별시 중구 명동1가 명동길,37.564005,126.984753
신한은행 명동대기업금융센터,신한은행,명동대기업금융센터,중구,서울특별시 중구 소공동 소공로,37.563337,126.98041
신한은행 명일역,신한은행,명일역,강동구,서울특별시 강동구 명일동 구천면로,37.550457,127.146193
신한은행 목동,신한은행,목동,양천구,서울특별시 양천구 신정동 목동서로,37.517401,126.865305
신한은행 목동역,신한은행,목동역,양천구,서울특별시 양천구 목동 목동로,37.526329,126.866158
신한은행 목동중앙,신한은행,목동중앙,양천구,서울특별시 양천구 목동 목동동로,37.536725,126.88221
신한은행 목동현대금융센터,신한은행,목동현대금융센터,양천구,서울특별시 양천구 목동 목동동로,37.528137,126.875637
신한은행 무역센터금융센터,신한은행,무역센터금융센터,강남구,서울특별시 강남구 삼성동 영동대로,37.511857,127.059203
신한은행 문정역금융센터,신한은행,문정역금융센터,송파구,서울특별시 송파구 문정동 송파대로,37.484843,127.121516
신한은행 미아동,신한은행,미아동,강북구,서울특별시 강북구 미아동 도봉로,37.622302,127.0274
신한은행 미아동복합청사(출),신한은행,미아동복합청사(출),강북구,서울특별시 강북구 미아동 솔매로49길,37.627078,127.026951
신한은행 반포남금융센터,신한은행,반포남금융센터,서초구,서울특별시 서초구 반포동 서초중앙로,37.502882,127.011783
신한은행 반포래미안,신한은행,반포래미안,서초구,서울특별시 서초구 반포동 반포대로,37.504343,127.001071
신한은행 반포서래,신한은행,반포서래,서초구,서울특별시 서초구 반포동 서래로,37.497083,126.998075
신한은행 반포중앙,신한은행,반포중앙,서초구,서울특별시 서초구 잠원동 잠원로3길,37.508202,127.003636
신한은행 방배금융센터,신한은행,방배금융센터,서초구,서울특별시 서초구 방배동 방배로,37.487241,126.994216
신한은행 방학동,신한은행,방학동,도봉구,서울특별시 도봉구 방학동 방학로,37.6631,127.037118
신한은행 방화역,신한은행,방화역,강서구,서울특별시 강서구 방화동 금낭화로,37.577431,126.812429
신한은행 법조타운,신한은행,법조타운,서초구,서울특별시 서초구 서초동 법원로,37.494158,127.009996
신한은행 법조타운법원(출),신한은행,법조타운법원(출),서초구,서울특별시 서초구 서초동 서초중앙로,37.497664,127.011874
신한은행 보라매,신한은행,보라매,동작구,서울특별시 동작구 신대방동 보라매로5가길,37.490553,126.923913
신한은행 보라매병원(출),신한은행,보라매병원(출),동작구,서울특별시 동작구 신대방동 보라매로5길,37.494178,126.924247
신한은행 보라매역금융센터,신한은행,보라매역금융센터,동작구,서울특별시 동작구 대방동 상도로,37.500181,126.920672
신한은행 봉은사로,신한은행,봉은사로,강남구,서울특별시 강남구 삼성동 봉은사로,37.51476,127.061766
신한은행 북부지방검찰청(출),신한은행,북부지방검찰청(출),도봉구,서울특별시 도봉구 도봉동 마들로,37.676365,127.045916
신한은행 불광동,신한은행,불광동,은평구,서울특별시 은평구 불광동 통일로,37.610813,126.930091
신한은행 사가정역,신한은행,사가정역,중랑구,서울특별시 중랑구 면목동 면목로,37.582386,127.088687
신한은행 사당,신한은행,사당,동작구,서울특별시 동작구 사당동 동작대로,37.479615,126.981352
신한은행 삼성대기업금융센터,신한은행,삼성대기업금융센터,서초구,서울특별시 서초구 서초동 서초대로74길,37.496746,127.025704
신한은행 삼성서울병원,신한은행,삼성서울병원,강남구,서울특별시 강남구 일원동 일원로,37.489346,127.087858
신한은행 삼성역금융센터,신한은행,삼성역금융센터,강남구,서울특별시 강남구 대치동 테헤란로,37.507461,127.060022
신한은행 상도역,신한은행,상도역,동작구,서울특별시 동작구 상도동 상도로,37.505311,126.945489
신한은행 상봉역,신한은행,상봉역,중랑구,서울특별시 중랑구 상봉동 면목로,37.593059,127.086557
신한은행 상암동금융센터,신한은행,상암동금융센터,마포구,서울특별시 마포구 상암동 월드컵북로,37.577099,126.891401
신한은행 서경대학교(출),신한은행,서경대학교(출),성북구,서울특별시 성북구 정릉동 서경로,37.615257,127.012692
신한은행 서교동,신한은행,서교동,마포구,서울특별시 마포구 서교동 양화로,37.553794,126.918989
신한은행 서대문역,신한은행,서대문역,서대문구,서울특별시 서대문구 충정로2가 충정로,37.565527,126.965991
신한은행 서부법원,신한은행,서부법원,마포구,서울특별시 마포구 공덕동 마포대로,37.54914,126.95551
신한은행 서소문,신한은행,서소문,중구,서울특별시 중구 서소문동 서소문로,37.562732,126.974016
신한은행 서소문2청사(출),신한은행,서소문2청사(출),중구,서울특별시 중구 서소문로 116,37.562734,126.974024
신한은행 서소문청사(출),신한은행,서소문청사(출),중구,서울특별시 중구 덕수궁길 15,37.564599,126.974707
신한은행 서여의도금융센터,신한은행,서여의도금융센터,영등포구,서울특별시 영등포구 여의도동 국회대로70길,37.529214,126.920831
신한은행 서울가정행정법원(출),신한은행,서울가정행정법원(출),서초구,서울특별시 서초구 양재동 강남대로,37.48152,127.036409
신한은행 서울광장(출),신한은행,서울광장(출),중구,서울특별시 중구 을지로1가 을지로,37.565613,126.979386
신한은행 서울남부지방법원등기국(출),신한은행,서울남부지방법원등기국(출),영등포구,서울특별시 영등포구 문래동1가 경인로,37.513368,126.89907
신한은행 서울대역센터,신한은행,서울대역센터,관악구,서울특별시 관악구 봉천동 남부순환로,37.481444,126.947452
신한은행 서울대학교,신한은행,서울대학교,관악구,서울특별시 관악구 신림동 관악로,37.459151,126.950851
신한은행 서울대학교병원,신한은행,서울대학교병원,종로구,서울특별시 종로구 연건동 대학로,37.578963,126.998558
신한은행 서울대학교연구공원(출),신한은행,서울대학교연구공원(출),관악구,서울특별시 관악구 신림동 관악로,37.466153,126.958421
신한은행 서울롯데,신한은행,서울롯데,중구,서울특별시 중구 소공동 을지로,37.565341,126.98103
신한은행 서울서부지방법원등기국(출),신한은행,서울서부지방법원등기국(출),마포구,서울특별시 마포구 아현동 마포대로,37.552045,126.954799
신한은행 서울소방재난본부(출),신한은행,서울소방재난본부(출),중구,서울특별시 중구 예장동 퇴계로26길,37.558923,126.989014
신한은행 서울시청금융센터,신한은행,서울시청금융센터,중구,서울특별시 중구 태평로1가 세종대로,37.566509,126.978111
신한은행 서울중앙지방법원등기국(출),신한은행,서울중앙지방법원등기국(출),서초구,서울특별시 서초구 서초동 법원로3길,37.493693,127.008562
신한은행 서잠실,신한은행,서잠실,송파구,서울특별시 송파구 잠실동 올림픽로,37.511374,127.082537
신한은행 서초구청,신한은행,서초구청,서초구,서울특별시 서초구 서초동 남부순환로,37.483571,127.033071
신한은행 서초동,신한은행,서초동,서초구,서울특별시 서초구 서초동 반포대로,37.489276,127.00841
신한은행 서초중앙금융센터,신한은행,서초중앙금융센터,서초구,서울특별시 서초구 서초동 효령로,37.48514,127.015349
신한은행 선릉,신한은행,선릉,강남구,서울특별시 강남구 역삼동 테헤란로,37.50453,127.047684
신한은행 선릉중앙금융센터,신한은행,선릉중앙금융센터,강남구,서울특별시 강남구 대치동 테헤란로,37.504551,127.050727
신한은행 성동,신한은행,성동,중구,서울특별시 중구 신당동 왕십리로,37.564804,127.02465
신한은행 성동구청,신한은행,성동구청,성동구,서울특별시 성동구 행당동 고산자로,37.563401,127.036911
신한은행 성수동금융센터,신한은행,성수동금융센터,성동구,서울특별시 성동구 성수동2가 아차산로7길,37.547182,127.054796
신한은행 세종로금융센터,신한은행,세종로금융센터,종로구,서울특별시 종로구 내수동 새문안로3길,37.572586,126.972441
신한은행 소공동,신한은행,소공동,중구,서울특별시 중구 북창동 세종대로18길,37.563507,126.978008
신한은행 송파,신한은행,송파,송파구,서울특별시 송파구 가락동 송파대로,37.499737,127.111565
신한은행 수락산역,신한은행,수락산역,노원구,서울특별시 노원구 상계동 동일로,37.678004,127.054934
신한은행 숙명여자대학교,신한은행,숙명여자대학교,용산구,서울특별시 용산구 청파동3가 청파로47가길,37.544627,126.966706
신한은행 스타시티금융센터,신한은행,스타시티금융센터,광진구,서울특별시 광진구 자양동 아차산로,37.538543,127.072969
신한은행 시흥동,신한은행,시흥동,금천구,서울특별시 금천구 시흥동 시흥대로,37.454366,126.901115
신한은행 신내동,신한은행,신내동,중랑구,서울특별시 중랑구 신내동 봉화산로,37.606436,127.094697
신한은행 신당동,신한은행,신당동,중구,서울특별시 중구 신당동 다산로,37.562702,127.015503
신한은행 신림동,신한은행,신림동,관악구,서울특별시 관악구 신림동 신원로,37.481335,126.928455
신한은행 신사동금융센터,신한은행,신사동금융센터,강남구,서울특별시 강남구 논현동 강남대로,37.515859,127.020015
신한은행 신월동,신한은행,신월동,양천구,서울특별시 양천구 신월동 신월로,37.517909,126.841209
신한은행 신촌,신한은행,신촌,마포구,서울특별시 마포구 노고산동 신촌로,37.554994,126.935996
신한은행 신한PIB강남센터,신한은행,신한PIB강남센터,강남구,서울특별시 강남구 대치동 테헤란로,37.505788,127.056139
신한은행 신한PWM강남센터,신한은행,신한PWM강남센터,강남구,서울특별시 강남구 대치동 테헤란로,37.505765,127.054804
신한은행 신한PWM강남파이낸스센터,신한은행,신한PWM강남파이낸스센터,강남구,서울특별시 강남구 역삼동 테헤란로,37.500025,127.036487
신한은행 신한PWM도곡센터,신한은행,신한PWM도곡센터,강남구,서울특별시 강남구 도곡동 언주로30길,37.488778,127.053366
신한은행 신한PWM목동센터,신한은행,신한PWM목동센터,양천구,서울특별시 양천구 목동 목동서로,37.528304,126.874867
신한은행 신한PWM서교센터,신한은행,신한PWM서교센터,마포구,서울특별시 마포구 서교동 양화로,37.550839,126.913792
신한은행 신한PWM서울파이낸스센터,신한은행,신한PWM서울파이낸스센터,중구,서울특별시 중구 태평로1가 세종대로,37.568448,126.978279
신한은행 신한PWM서초센터,신한은행,신한PWM서초센터,서초구,서울특별시 서초구 서초동 서초대로,37.492012,127.009614
신한은행 신한PWM압구정센터,신한은행,신한PWM압구정센터,강남구,서울특별시 강남구 신사동 압구정로,37.525637,127.026155
신한은행 신한PWM여의도센터,신한은행,신한PWM여의도센터,영등포구,서울특별시 영등포구 여의도동 의사당대로,37.521545,126.922871
신한은행 신한PWM이촌동센터,신한은행,신한PWM이촌동센터,용산구,서울특별시 용산구 이촌동 이촌로,37.518418,126.979284
신한은행 신한PWM잠실센터,신한은행,신한PWM잠실센터,송파구,서울특별시 송파구 신천동 올림픽로,37.514456,127.10058
신한은행 신한PWM태평로센터,신한은행,신한PWM태평로센터,중구,서울특별시 중구 태평로2가 세종대로9길,37.561112,126.974571
신한은행 신한PWM한남동센터,신한은행,신한PWM한남동센터,용산구,서울특별시 용산구 한남동 독서당로,37.535779,127.007007
신한은행 신한패밀리오피스 반포센터,신한은행,신한패밀리오피스 반포센터,서초구,서울특별시 서초구 반포동 반포대로,37.500575,127.003189
신한은행 신한패밀리오피스 서울센터,신한은행,신한패밀리오피스 서울센터,중구,서울특별시 중구 남대문로4가 세종대로,37.560712,126.97377
신한은행 신한패밀리오피스청담센터,신한은행,신한패밀리오피스청담센터,강남구,서울특별시 강남구 신사동 압구정로56길,37.527539,127.040007
신한은행 쌍문역,신한은행,쌍문역,도봉구,서울특별시 도봉구 창동 도봉로,37.647324,127.034338
신한은행 아시아나항공(출),신한은행,아시아나항공(출),강서구,서울특별시 강서구 오정로 443-83,37.545842,126.797675
신한은행 압구정갤러리아,신한은행,압구정갤러리아,강남구,서울특별시 강남구 신사동 압구정로,37.527701,127.039847
신한은행 압구정역금융센터,신한은행,압구정역금융센터,강남구,서울특별시 강남구 신사동 압구정로,37.525628,127.026053
신한은행 압구정중앙,신한은행,압구정중앙,강남구,서울특별시 강남구 신사동 압구정로,37.528263,127.031356
신한은행 양재동금융센터,신한은행,양재동금융센터,서초구,서울특별시 서초구 양재동 논현로,37.477557,127.044204
신한은행 양재역금융센터,신한은행,양재역금융센터,강남구,서울특별시 강남구 도곡동 강남대로,37.485262,127.034385
신한은행 양천향교역,신한은행,양천향교역,강서구,서울특별시 강서구 마곡동 양천로,37.568298,126.840256
신한은행 여의도금융센터,신한은행,여의도금융센터,영등포구,서울특별시 영등포구 여의도동 국제금융로8길,37.520319,126.928471
신한은행 여의도중앙금융센터,신한은행,여의도중앙금융센터,영등포구,서울특별시 영등포구 여의도동 여의나루로,37.523055,126.925768
신한은행 여의도중앙대기업금융센터,신한은행,여의도중앙대기업금융센터,영등포구,서울특별시 영등포구 여의도동 여의나루로,37.523054,126.925462
신한은행 역삼동금융센터,신한은행,역삼동금융센터,강남구,서울특별시 강남구 역삼동 강남대로,37.491316,127.031474
신한은행 역촌동,신한은행,역촌동,은평구,서울특별시 은평구 역촌동 연서로,37.605637,126.915039
신한은행 연신내,신한은행,연신내,은평구,서울특별시 은평구 대조동 통일로,37.618565,126.921035
신한은행 연지동,신한은행,연지동,종로구,서울특별시 종로구 연지동 김상옥로,37.572926,127.000851
신한은행 영동금융센터,신한은행,영동금융센터,강남구,서울특별시 강남구 논현동 언주로,37.516784,127.034924
신한은행 영등포금융센터,신한은행,영등포금융센터,영등포구,서울특별시 영등포구 영등포동4가 영중로,37.518744,126.905116
신한은행 영업부,신한은행,영업부,중구,서울특별시 중구 태평로2가 세종대로9길,37.561112,126.974571
신한은행 오금동,신한은행,오금동,송파구,서울특별시 송파구 오금동 오금로35길,37.50577,127.126333
신한은행 오류동,신한은행,오류동,구로구,서울특별시 구로구 오류동 경인로,37.49606,126.844501
신한은행 올림픽선수촌,신한은행,올림픽선수촌,송파구,서울특별시 송파구 방이동 양재대로,37.515972,127.131713
신한은행 용산금융센터,신한은행,용산금융센터,용산구,서울특별시 용산구 한강로2가 한강대로,37.529125,126.966941
신한은행 용산전자,신한은행,용산전자,용산구,서울특별시 용산구 원효로3가 원효로,37.534961,126.959927
신한은행 월계동 디지털 출장소,신한은행,월계동 디지털 출장소,노원구,서울특별시 노원구 월계동 마들로,37.62445,127.065463
신한은행 은평구청,신한은행,은평구청,은평구,서울특별시 은평구 녹번동 은평로,37.602518,126.929418
신한은행 을지로,신한은행,을지로,중구,서울특별시 중구 을지로3가 을지로,37.566461,126.989842
신한은행 을지로5가,신한은행,을지로5가,중구,서울특별시 중구 을지로5가 을지로,37.567044,127.001943
신한은행 응암동,신한은행,응암동,은평구,서울특별시 은평구 응암동 은평로,37.600269,126.923023
신한은행 이대목동병원(출),신한은행,이대목동병원(출),양천구,서울특별시 양천구 목동 안양천로,37.536422,126.886435
신한은행 이대서울병원,신한은행,이대서울병원,강서구,서울특별시 강서구 마곡동 공항대로,37.557243,126.836311
신한은행 이수역,신한은행,이수역,서초구,서울특별시 서초구 방배동 서초대로,37.485165,126.982998
신한은행 이태원,신한은행,이태원,용산구,서울특별시 용산구 이태원동 이태원로,37.534751,126.994054
신한은행 이화여자대학교,신한은행,이화여자대학교,서대문구,서울특별시 서대문구 대현동 이화여대길,37.560739,126.946358
신한은행 일원역,신한은행,일원역,강남구,서울특별시 강남구 일원동 일원로,37.484369,127.082632
신한은행 자양동,신한은행,자양동,광진구,서울특별시 광진구 자양동 자양로,37.536263,127.083271
신한은행 잠실금융센터,신한은행,잠실금융센터,송파구,서울특별시 송파구 신천동 올림픽로,37.515626,127.105462
신한은행 잠실나루역,신한은행,잠실나루역,송파구,서울특별시 송파구 신천동 올림픽로37길,37.52086,127.104484
신한은행 잠실남,신한은행,잠실남,송파구,서울특별시 송파구 잠실동 석촌호수로,37.507638,127.09178
신한은행 잠실롯데캐슬,신한은행,잠실롯데캐슬,송파구,서울특별시 송파구 신천동 올림픽로,37.514456,127.10058
신한은행 잠원동,신한은행,잠원동,서초구,서울특별시 서초구 잠원동 잠원로14길,37.51785,127.015454
신한은행 장안동,신한은행,장안동,동대문구,서울특별시 동대문구 장안동 장한로,37.571414,127.070165
신한은행 장한평역금융센터,신한은행,장한평역금융센터,동대문구,서울특별시 동대문구 장안동 천호대로,37.561584,127.066156
신한은행 제기동역,신한은행,제기동역,동대문구,서울특별시 동대문구 제기동 왕산로,37.57856,127.038708
신한은행 종각역금융센터,신한은행,종각역금융센터,종로구,서울특별시 종로구 청진동 종로,37.570643,126.981661
신한은행 종로,신한은행,종로,종로구,서울특별시 종로구 견지동 우정국로,37.5733,126.983274
신한은행 종로중앙금융센터,신한은행,종로중앙금융센터,종로구,서울특별시 종로구 묘동 돈화문로,37.571061,126.99254
신한은행 중계동,신한은행,중계동,노원구,서울특별시 노원구 중계동 한글비석로,37.650388,127.077102
신한은행 중앙유통단지,신한은행,중앙유통단지,구로구,서울특별시 구로구 구로동 경인로53길,37.501073,126.874676
신한은행 중화역,신한은행,중화역,중랑구,서울특별시 중랑구 중화동 동일로,37.601427,127.079826
신한은행 창신동금융센터,신한은행,창신동금융센터,종로구,서울특별시 종로구 창신동 지봉로,37.572526,127.015281
신한은행 청담동,신한은행,청담동,강남구,서울특별시 강남구 청담동 도산대로,37.523966,127.048233
신한은행 충무로금융센터,신한은행,충무로금융센터,중구,서울특별시 중구 충무로3가 퇴계로,37.561824,126.991052
신한은행 충무로역,신한은행,충무로역,중구,서울특별시 중구 충무로4가 퇴계로,37.561285,126.995675
신한은행 충정로금융센터,신한은행,충정로금융센터,서대문구,서울특별시 서대문구 충정로3가 충정로,37.559673,126.963191
신한은행 태릉역,신한은행,태릉역,노원구,서울특별시 노원구 공릉동 동일로,37.620968,127.074776
신한은행 테헤란로금융센터,신한은행,테헤란로금융센터,강남구,서울특별시 강남구 삼성동 테헤란로,37.506438,127.053929
신한은행 파이낸스센터,신한은행,파이낸스센터,중구,서울특별시 중구 태평로1가 세종대로,37.568448,126.978279
신한은행 프리미어삼풍(출),신한은행,프리미어삼풍(출),서초구,서울특별시 서초구 서초동 서초중앙로28길,37.496708,127.013961
신한은행 하계동,신한은행,하계동,노원구,서울특별시 노원구 하계동 섬밭로,37.634924,127.065685
신한은행 학동금융센터,신한은행,학동금융센터,강남구,서울특별시 강남구 신사동 도산대로,37.521013,127.030892
신한은행 한국거래소(출),신한은행,한국거래소(출),영등포구,서울특별시 영등포구 여의도동 여의나루로,37.523051,126.928563
신한은행 한남동금융센터,신한은행,한남동금융센터,용산구,서울특별시 용산구 한남동 한남대로,37.533985,127.006702
신한은행 한양대학교,신한은행,한양대학교,성동구,서울특별시 성동구 행당동 마조로,37.559479,127.041339
신한은행 한양여자대학교(출),신한은행,한양여자대학교(출),성동구,서울특별시 성동구 사근동 살곶이길,37.558502,127.049758
신한은행 합정역금융센터,신한은행,합정역금융센터,마포구,서울특별시 마포구 합정동 양화로,37.549131,126.911248
신한은행 행당동,신한은행,행당동,성동구,서울특별시 성동구 행당동 고산자로,37.558254,127.03444
신한은행 현대계동,신한은행,현대계동,종로구,서울특별시 종로구 계동 율곡로,37.578141,126.987498
신한은행 현대계동대기업금융센터,신한은행,현대계동대기업금융센터,종로구,서울특별시 종로구 계동 율곡로,37.578141,126.987498
신한은행 현대모터타운,신한은행,현대모터타운,서초구,서울특별시 서초구 양재동 헌릉로,37.463949,127.042421
신한은행 현대모터타운대기업금융센터,신한은행,현대모터타운대기업금융센터,서초구,서울특별시 서초구 양재동 헌릉로,37.463949,127.042421
신한은행 홍익대학교,신한은행,홍익대학교,마포구,서울특별시 마포구 상수동 와우산로,37.550807,126.925612
신한은행 홍제동,신한은행,홍제동,서대문구,서울특별시 서대문구 홍제동 통일로,37.587585,126.945094
신한은행 화곡역,신한은행,화곡역,강서구,서울특별시 강서구 화곡동 강서로,37.541912,126.839617
신한은행 효자동,신한은행,효자동,종로구,서울특별시 종로구 통인동 자하문로,37.581302,126.970635
우리은행 CJ금융센터,우리은행,CJ금융센터,중구,서울특별시 중구 쌍림동 동호로,37.563691,127.003142
우리은행 DL금융센터,우리은행,DL금융센터,종로구,서울특별시 종로구 평동 통일로,37.566793,126.96626
우리은행 GS타워금융센터,우리은행,GS타워금융센터,강남구,서울특별시 강남구 역삼동 논현로,37.501867,127.037187
우리은행 LG트윈타워금융센터,우리은행,LG트윈타워금융센터,영등포구,서울특별시 영등포구 여의도동 여의공원로,37.529806,126.925801
우리은행 TCE강남센터,우리은행,TCE강남센터,강남구,서울특별시 강남구 역삼동 논현로,37.501781,127.037166
우리은행 TCE본점센터,우리은행,TCE본점센터,중구,서울특별시 중구 회현동1가 소공로,37.559405,126.981784
우리은행 TCE시그니처센터,우리은행,TCE시그니처센터,서초구,서울특별시 서초구 서초동 서초대로,37.497971,127.025978
우리은행 TWO CHAIRS W 도곡,우리은행,TWO CHAIRS W 도곡,강남구,서울특별시 강남구 도곡동 남부순환로,37.489091,127.052966
우리은행 TWO CHAIRS W 압구정,우리은행,TWO CHAIRS W 압구정,강남구,서울특별시 강남구 청담동 압구정로,37.526895,127.042401
우리은행 TWO CHAIRS W 여의도,우리은행,TWO CHAIRS W 여의도,영등포구,서울특별시 영등포구 의사당대로 96,37.521521,126.922872
우리은행 TWO CHAIRS W 청담,우리은행,TWO CHAIRS W 청담,강남구,서울특별시 강남구 청담동 영동대로,37.522995,127.054845
우리은행 가든파이브지점,우리은행,가든파이브지점,송파구,서울특별시 송파구 문정동 충민로,37.478005,127.121784
우리은행 가락남부지점,우리은행,가락남부지점,송파구,서울특별시 송파구 동남로 169,37.493196,127.128929
우리은행 가락중앙금융센터,우리은행,가락중앙금융센터,송파구,서울특별시 송파구 가락동 중대로,37.494881,127.122485
우리은행 가산IT금융센터,우리은행,가산IT금융센터,금천구,서울특별시 금천구 가산동 디지털로,37.478224,126.888824
우리은행 가산디지털금융센터,우리은행,가산디지털금융센터,금천구,서울특별시 금천구 가산동 가산디지털1로,37.476995,126.88376
우리은행 가양동지점,우리은행,가양동지점,강서구,서울특별시 강서구 가양동 양천로57길,37.56274,126.852652
우리은행 가톨릭회관지점,우리은행,가톨릭회관지점,중구,서울특별시 중구 명동2가 명동길,37.563967,126.987174
우리은행 강남교보타워지점,우리은행,강남교보타워지점,서초구,서울특별시 서초구 서초동 강남대로,37.504069,127.024201
우리은행 강남글로벌투자WON센터,우리은행,강남글로벌투자WON센터,서초구,서울특별시 서초구 서초동 강남대로,37.503806,127.024149
우리은행 강남대로지점,우리은행,강남대로지점,강남구,서울특별시 강남구 역삼동 강남대로,37.490518,127.031605
우리은행 강남세브란스병원(출),우리은행,강남세브란스병원(출),강남구,서울특별시 강남구 도곡동 언주로,37.49316,127.04651
우리은행 강남지점,우리은행,강남지점,서초구,서울특별시 서초구 서초동 서초대로,37.495024,127.018862
우리은행 강동구청지점,우리은행,강동구청지점,강동구,서울특별시 강동구 성내동 성내로,37.530493,127.123646
우리은행 강서구청지점,우리은행,강서구청지점,강서구,서울특별시 강서구 화곡동 화곡로,37.550793,126.850072
우리은행 강서금융센터,우리은행,강서금융센터,강서구,서울특별시 강서구 화곡동 화곡로,37.551916,126.849392
우리은행 개포역지점,우리은행,개포역지점,강남구,서울특별시 강남구 개포동 개포로,37.489121,127.06717
우리은행 개포중앙지점,우리은행,개포중앙지점,강남구,서울특별시 강남구 개포동 개포로,37.480883,127.053184
우리은행 갤러리아팰리스지점,우리은행,갤러리아팰리스지점,송파구,서울특별시 송파구 잠실동 올림픽로,37.511497,127.09311
우리은행 거여동지점,우리은행,거여동지점,송파구,서울특별시 송파구 거여동 오금로,37.493121,127.145683
우리은행 경희대학교지점,우리은행,경희대학교지점,동대문구,서울특별시 동대문구 회기동 경희대로,37.593662,127.052854
우리은행 고덕금융센터,우리은행,고덕금융센터,강동구,서울특별시 강동구 명일동 동남로71길,37.551631,127.154602
우리은행 고척동지점,우리은행,고척동지점,구로구,서울특별시 구로구 개봉동 경인로,37.496459,126.861042
우리은행 공덕동효성금융센터,우리은행,공덕동효성금융센터,마포구,서울특별시 마포구 공덕동 마포대로,37.545728,126.951656
우리은행 관악구청지점,우리은행,관악구청지점,관악구,서울특별시 관악구 봉천동 관악로,37.478109,126.951511
우리은행 광장동지점,우리은행,광장동지점,광진구,서울특별시 광진구 광장동 아차산로,37.543048,127.102406
우리은행 광화문D타워금융센터,우리은행,광화문D타워금융센터,종로구,서울특별시 종로구 청진동 종로3길,37.571082,126.979155
우리은행 광화문글로벌투자WON센터,우리은행,광화문글로벌투자WON센터,중구,서울특별시 중구 태평로1가 세종대로,37.568423,126.978257
우리은행 광화문지점,우리은행,광화문지점,종로구,서울특별시 종로구 도렴동 새문안로5길,37.573943,126.974277
우리은행 광희동금융센터,우리은행,광희동금융센터,중구,서울특별시 중구 광희동1가 퇴계로,37.564411,127.005822
우리은행 교대역지점,우리은행,교대역지점,서초구,서울특별시 서초구 서초동 서초중앙로,37.489344,127.014202
우리은행 구로본동지점,우리은행,구로본동지점,구로구,서울특별시 구로구 구로동 가마산로,37.493369,126.883745
우리은행 구로중앙지점,우리은행,구로중앙지점,구로구,서울특별시 구로구 구로동 구로중앙로,37.504563,126.877471
우리은행 국민대학교지점,우리은행,국민대학교지점,성북구,서울특별시 성북구 정릉동 정릉로,37.610158,126.99611
우리은행 국방부(출),우리은행,국방부(출),용산구,서울특별시 용산구 이태원로 22,37.533649,126.977597
우리은행 군자역금융센터,우리은행,군자역금융센터,광진구,서울특별시 광진구 군자동 천호대로,37.557089,127.078942
우리은행 금융감독원지점,우리은행,금융감독원지점,영등포구,서울특별시 영등포구 여의도동 여의대로,37.523178,126.921421
우리은행 금천구청지점,우리은행,금천구청지점,금천구,서울특별시 금천구 시흥동 시흥대로73길,37.456557,126.895002
우리은행 금호동(출),우리은행,금호동(출),성동구,서울특별시 성동구 금호동4가 장터길,34.895508,127.763142
우리은행 길동지점,우리은행,길동지점,강동구,서울특별시 강동구 길동 양재대로,37.544191,127.142655
우리은행 김포공항(출),우리은행,김포공항(출),강서구,서울특별시 강서구 방화동 하늘길,37.56332,126.803273
우리은행 낙성대역지점,우리은행,낙성대역지점,관악구,서울특별시 관악구 봉천동 남부순환로,37.47651,126.964343
우리은행 남대문시장지점,우리은행,남대문시장지점,중구,서울특별시 중구 남대문로4가 남대문시장길,37.560464,126.977434
우리은행 남역삼동금융센터,우리은행,남역삼동금융센터,강남구,서울특별시 강남구 역삼동 논현로64길,37.493515,127.04085
우리은행 노량진금융센터,우리은행,노량진금융센터,동작구,서울특별시 동작구 노량진동 노량진로,37.513208,126.938852
우리은행 노원금융센터,우리은행,노원금융센터,노원구,서울특별시 노원구 상계동 노해로,37.65431,127.061673
우리은행 논현동지점,우리은행,논현동지점,강남구,서울특별시 강남구 논현동 언주로,37.513378,127.035096
우리은행 논현역지점,우리은행,논현역지점,서초구,서울특별시 서초구 잠원동 신반포로,37.5113,127.020814
우리은행 답십리지점,우리은행,답십리지점,동대문구,서울특별시 동대문구 답십리동 천호대로,37.566342,127.053934
우리은행 당산역지점,우리은행,당산역지점,영등포구,서울특별시 영등포구 양평동4가 양평로,37.535865,126.898416
우리은행 대림3동(출),우리은행,대림3동(출),영등포구,서울특별시 영등포구 가마산로 356,37.500357,126.898559
우리은행 대림동지점,우리은행,대림동지점,동작구,서울특별시 동작구 신대방동 시흥대로,37.490124,126.907843
우리은행 대방동지점,우리은행,대방동지점,동작구,서울특별시 동작구 대방동 여의대방로,37.50887,126.924237
우리은행 대치동지점,우리은행,대치동지점,강남구,서울특별시 강남구 대치동 도곡로,37.49964,127.064313
우리은행 대치역금융센터,우리은행,대치역금융센터,강남구,서울특별시 강남구 대치동 남부순환로,37.492684,127.058654
우리은행 도곡동지점,우리은행,도곡동지점,강남구,서울특별시 강남구 역삼동 역삼로,37.499201,127.048437
우리은행 도봉지점,우리은행,도봉지점,도봉구,서울특별시 도봉구 방학동 도봉로,37.667785,127.042913
우리은행 도산대로금융센터,우리은행,도산대로금융센터,강남구,서울특별시 강남구 논현동 도산대로,37.522038,127.036561
우리은행 독산동지점,우리은행,독산동지점,금천구,서울특별시 금천구 독산동 시흥대로,37.474488,126.898019
우리은행 동대문금융센터,우리은행,동대문금융센터,종로구,서울특별시 종로구 종로6가 종로,37.570858,127.007617
우리은행 동부이촌동지점,우리은행,동부이촌동지점,용산구,서울특별시 용산구 이촌동 이촌로,37.521068,126.96938
우리은행 동소문로금융센터,우리은행,동소문로금융센터,성북구,서울특별시 성북구 동소문동3가 동소문로,37.59037,127.010974
우리은행 동소문시니어플러스(출),우리은행,동소문시니어플러스(출),성북구,서울특별시 성북구 돈암동 성북로4길,37.594333,127.01087
우리은행 동자동지점,우리은행,동자동지점,용산구,서울특별시 용산구 동자동 한강대로,37.550571,126.972475
우리은행 둔촌동지점,우리은행,둔촌동지점,강동구,서울특별시 강동구 둔촌동 천호대로,37.534144,127.143564
우리은행 둔촌역금융센터,우리은행,둔촌역금융센터,강동구,서울특별시 강동구 성내동 양재대로,37.529094,127.136319
우리은행 등촌역지점,우리은행,등촌역지점,강서구,서울특별시 강서구 염창동 공항대로,37.550967,126.865676
우리은행 롯데월드타워금융센터,우리은행,롯데월드타워금융센터,송파구,서울특별시 송파구 신천동 올림픽로,37.513638,127.1043
우리은행 마곡나루역지점,우리은행,마곡나루역지점,강서구,서울특별시 강서구 마곡동 마곡중앙로,37.568441,126.827554
우리은행 마곡역금융센터,우리은행,마곡역금융센터,강서구,서울특별시 강서구 마곡동 공항대로,37.560691,126.824756
우리은행 마들역지점,우리은행,마들역지점,노원구,서울특별시 노원구 상계동 동일로,37.666729,127.056966
우리은행 마포구청지점,우리은행,마포구청지점,마포구,서울특별시 마포구 성산동 월드컵로,37.565966,126.90185
우리은행 마포금융센터,우리은행,마포금융센터,마포구,서울특별시 마포구 도화동 마포대로,37.540359,126.94641
우리은행 매경미디어지점,우리은행,매경미디어지점,중구,서울특별시 중구 필동1가 퇴계로,37.560718,126.992831
우리은행 면목동지점,우리은행,면목동지점,중랑구,서울특별시 중랑구 면목동 면목로,37.578166,127.085793
우리은행 명동금융센터,우리은행,명동금융센터,중구,서울특별시 중구 명동2가 명동길,37.563655,126.98474
우리은행 명일동금융센터,우리은행,명일동금융센터,강동구,서울특별시 강동구 명일동 양재대로,37.549824,127.144018
우리은행 목동중앙지점,우리은행,목동중앙지점,양천구,서울특별시 양천구 목동 목동서로,37.536417,126.879418
우리은행 목동지점,우리은행,목동지점,양천구,서울특별시 양천구 목동 목동서로,37.528516,126.875215
우리은행 무역센터금융센터,우리은행,무역센터금융센터,강남구,서울특별시 강남구 삼성동 영동대로,37.51049,127.061213
우리은행 문래동금융센터,우리은행,문래동금융센터,영등포구,서울특별시 영등포구 문래동3가 문래로20길,37.51722,126.889298
우리은행 문정중앙금융센터,우리은행,문정중앙금융센터,송파구,서울특별시 송파구 문정동 법원로,37.486989,127.121393
우리은행 미아사거리지점,우리은행,미아사거리지점,성북구,서울특별시 성북구 길음동 도봉로,37.610262,127.029974
우리은행 미아역지점,우리은행,미아역지점,강북구,서울특별시 강북구 미아동 도봉로,37.627777,127.025263
우리은행 발산역금융센터,우리은행,발산역금융센터,강서구,서울특별시 강서구 등촌동 강서로,37.561831,126.839552
우리은행 방배동금융센터,우리은행,방배동금융센터,서초구,서울특별시 서초구 방배동 방배로,37.489868,126.992044
우리은행 방배본동지점,우리은행,방배본동지점,서초구,서울특별시 서초구 방배동 방배로,37.498032,126.986841
우리은행 방배역지점,우리은행,방배역지점,서초구,서울특별시 서초구 방배동 방배로,37.481206,126.998122
우리은행 방이동지점,우리은행,방이동지점,송파구,서울특별시 송파구 방이동 백제고분로,37.510518,127.112702
우리은행 법조타운금융센터,우리은행,법조타운금융센터,서초구,서울특별시 서초구 서초동 서초대로,37.493243,127.011445
우리은행 보라매지점,우리은행,보라매지점,관악구,서울특별시 관악구 봉천동 보라매로3길,37.49131,126.925431
우리은행 본점영업부,우리은행,본점영업부,중구,서울특별시 중구 회현동1가 소공로,37.559405,126.981784
우리은행 북가좌동지점,우리은행,북가좌동지점,서대문구,서울특별시 서대문구 북가좌동 응암로,37.577942,126.910092
우리은행 불광동금융센터,우리은행,불광동금융센터,은평구,서울특별시 은평구 대조동 통일로,37.609401,126.930472
우리은행 사당역금융센터,우리은행,사당역금융센터,관악구,서울특별시 관악구 남현동 남부순환로,37.476314,126.979724
우리은행 삼성E&A지점,우리은행,삼성E&A지점,강동구,서울특별시 강동구 상일동 상일로6길,37.548948,127.174524
우리은행 삼성SDS(출),우리은행,삼성SDS(출),송파구,서울특별시 송파구 신천동 올림픽로35길,37.516308,127.10051
우리은행 삼성동금융센터,우리은행,삼성동금융센터,강남구,서울특별시 강남구 대치동 영동대로,37.50822,127.064096
우리은행 삼성전자서울R&D(출),우리은행,삼성전자서울R&D(출),서초구,서울특별시 서초구 우면동 성촌길,37.465025,127.022762
우리은행 삼성타운금융센터,우리은행,삼성타운금융센터,서초구,서울특별시 서초구 서초동 서초대로74길,37.496471,127.026907
우리은행 삼육대학교(출),우리은행,삼육대학교(출),노원구,서울특별시 노원구 공릉동 화랑로,37.64341,127.105266
우리은행 삼육서울병원(출),우리은행,삼육서울병원(출),동대문구,서울특별시 동대문구 휘경동 망우로,37.588009,127.064002
우리은행 상계동지점,우리은행,상계동지점,노원구,서울특별시 노원구 상계동 동일로,37.65121,127.061083
우리은행 상계역지점,우리은행,상계역지점,노원구,서울특별시 노원구 중계동 한글비석로,37.659608,127.073261
우리은행 상도동금융센터,우리은행,상도동금융센터,동작구,서울특별시 동작구 상도동 장승배기로,37.504626,126.93954
우리은행 상봉동지점,우리은행,상봉동지점,중랑구,서울특별시 중랑구 망우동 망우로,37.598571,127.095467
우리은행 상암DMC금융센터,우리은행,상암DMC금융센터,마포구,서울특별시 마포구 상암동 월드컵북로,37.579532,126.889444
우리은행 상일동역지점,우리은행,상일동역지점,강동구,서울특별시 강동구 상일동 고덕로,37.556626,127.16878
우리은행 서강대지점,우리은행,서강대지점,마포구,서울특별시 마포구 신수동 백범로,37.549991,126.938663
우리은행 서교동지점,우리은행,서교동지점,마포구,서울특별시 마포구 서교동 양화로,37.552728,126.917766
우리은행 서교중앙금융센터,우리은행,서교중앙금융센터,마포구,서울특별시 마포구 동교동 월드컵북로,37.557183,126.919575
우리은행 서대문구청지점,우리은행,서대문구청지점,서대문구,서울특별시 서대문구 연희동 연희로,37.578881,126.936653
우리은행 서소문지점,우리은행,서소문지점,중구,서울특별시 중구 서소문동 서소문로,37.562903,126.972669
우리은행 서여의도금융센터,우리은행,서여의도금융센터,영등포구,서울특별시 영등포구 여의도동 은행로,37.528379,126.920924
우리은행 서울대입구역지점,우리은행,서울대입구역지점,관악구,서울특별시 관악구 봉천동 남부순환로,37.481189,126.951562
우리은행 서울대학교지점,우리은행,서울대학교지점,관악구,서울특별시 관악구 신림동 관악로,37.460826,126.953318
우리은행 서울디지털(출),우리은행,서울디지털(출),구로구,서울특별시 구로구 구로동 디지털로,37.484612,126.894848
우리은행 서울디지털3단지지점,우리은행,서울디지털3단지지점,금천구,서울특별시 금천구 가산동 가산디지털1로,37.481588,126.881446
우리은행 서울디지털프리미엄금융센터,우리은행,서울디지털프리미엄금융센터,구로구,서울특별시 구로구 구로동 디지털로,37.484541,126.896356
우리은행 서울성모병원지점,우리은행,서울성모병원지점,서초구,서울특별시 서초구 반포동 반포대로,37.501367,127.004795
우리은행 서울시립대(출),우리은행,서울시립대(출),동대문구,서울특별시 동대문구 전농동 서울시립대로,37.584737,127.057501
우리은행 서울시설공단지점,우리은행,서울시설공단지점,성동구,서울특별시 성동구 마장동 청계천로,37.571681,127.036093
우리은행 서울시청금융센터,우리은행,서울시청금융센터,중구,서울특별시 중구 무교동 무교로,37.56777,126.978989
우리은행 서울여자대학교(출),우리은행,서울여자대학교(출),노원구,서울특별시 노원구 화랑로 621,37.628033,127.090423
우리은행 서울역금융센터,우리은행,서울역금융센터,중구,서울특별시 중구 남대문로5가 통일로,37.557092,126.973657
우리은행 서울주택도시공사금융센터,우리은행,서울주택도시공사금융센터,강남구,서울특별시 강남구 개포동 개포로,37.493806,127.078811
우리은행 서초금융센터,우리은행,서초금융센터,서초구,서울특별시 서초구 서초동 강남대로,37.495827,127.028249
우리은행 서초남지점,우리은행,서초남지점,서초구,서울특별시 서초구 서초동 반포대로,37.4827,127.012562
우리은행 서초역금융센터,우리은행,서초역금융센터,서초구,서울특별시 서초구 서초동 반포대로,37.490175,127.008841
우리은행 석계역지점,우리은행,석계역지점,성북구,서울특별시 성북구 석관동 화랑로42길,37.61393,127.064743
우리은행 선릉금융센터,우리은행,선릉금융센터,강남구,서울특별시 강남구 역삼동 테헤란로,37.50309,127.043234
우리은행 선릉역지점,우리은행,선릉역지점,강남구,서울특별시 강남구 대치동 테헤란로,37.504997,127.051511
우리은행 선정릉역지점,우리은행,선정릉역지점,강남구,서울특별시 강남구 삼성동 봉은사로,37.517592,127.041887
우리은행 성균관대학교지점,우리은행,성균관대학교지점,종로구,서울특별시 종로구 명륜3가 성균관로,37.585686,126.996759
우리은행 성북구청지점,우리은행,성북구청지점,성북구,서울특별시 성북구 삼선동5가 보문로,37.589346,127.016673
우리은행 성수남지점,우리은행,성수남지점,광진구,서울특별시 광진구 자양동 아차산로,37.541881,127.064116
우리은행 성수동금융센터,우리은행,성수동금융센터,성동구,서울특별시 성동구 성수동1가 성수일로,37.543931,127.049227
우리은행 세브란스병원(출),우리은행,세브란스병원(출),서대문구,서울특별시 서대문구 신촌동 연세로,37.561811,126.941075
우리은행 소공동지점,우리은행,소공동지점,중구,서울특별시 중구 소공동 남대문로,37.562934,126.981517
우리은행 송파구청지점,우리은행,송파구청지점,송파구,서울특별시 송파구 신천동 올림픽로,37.514745,127.105947
우리은행 송파금융센터,우리은행,송파금융센터,송파구,서울특별시 송파구 석촌동 백제고분로,37.505054,127.105886
우리은행 송파역지점,우리은행,송파역지점,송파구,서울특별시 송파구 가락동 송파대로,37.499334,127.111938
우리은행 수서역금융센터,우리은행,수서역금융센터,강남구,서울특별시 강남구 수서동 밤고개로1길,37.487769,127.101905
우리은행 수유동금융센터,우리은행,수유동금융센터,강북구,서울특별시 강북구 수유동 도봉로,37.639687,127.026952
우리은행 숭실대역지점,우리은행,숭실대역지점,동작구,서울특별시 동작구 상도동 상도로,37.495449,126.954049
우리은행 숭실대학교(출),우리은행,숭실대학교(출),동작구,서울특별시 동작구 상도로 369,37.49669,126.957504
우리은행 시흥동지점,우리은행,시흥동지점,금천구,서울특별시 금천구 시흥동 시흥대로,37.453994,126.901169
우리은행 시흥배곧지점,우리은행,시흥배곧지점,시흥시,경기도 시흥시 배곧동 서울대학로278번길,37.370914,126.72849
우리은행 신길중앙지점,우리은행,신길중앙지점,영등포구,서울특별시 영등포구 신길동 신길로,37.505058,126.910313
우리은행 신당역지점,우리은행,신당역지점,중구,서울특별시 중구 흥인동 퇴계로,37.565727,127.017581
우리은행 신대방동농심금융센터,우리은행,신대방동농심금융센터,동작구,서울특별시 동작구 신대방동 여의대방로,37.497161,126.919597
우리은행 신도림동금융센터,우리은행,신도림동금융센터,구로구,서울특별시 구로구 신도림동 경인로59길,37.506203,126.883642
우리은행 신림로금융센터,우리은행,신림로금융센터,관악구,서울특별시 관악구 신림동 신림로,37.470385,126.938475
우리은행 신림역금융센터,우리은행,신림역금융센터,관악구,서울특별시 관악구 신림동 신림로,37.485362,126.929187
우리은행 신반포금융센터,우리은행,신반포금융센터,서초구,서울특별시 서초구 잠원동 잠원로,37.508061,127.008075
우리은행 신사동프리미엄금융센터,우리은행,신사동프리미엄금융센터,강남구,서울특별시 강남구 논현동 도산대로,37.517553,127.023762
우리은행 신설동지점,우리은행,신설동지점,종로구,서울특별시 종로구 숭인동 종로,37.575976,127.0227
우리은행 신압구정지점,우리은행,신압구정지점,강남구,서울특별시 강남구 신사동 압구정로,37.524733,127.024227
우리은행 신월동지점,우리은행,신월동지점,양천구,서울특별시 양천구 신월동 오목로,37.522205,126.843636
우리은행 신정동금융센터,우리은행,신정동금융센터,양천구,서울특별시 양천구 신정동 신월로,37.521942,126.858522
우리은행 신촌금융센터,우리은행,신촌금융센터,마포구,서울특별시 마포구 노고산동 신촌로,37.554962,126.937559
우리은행 아시아나항공(출),우리은행,아시아나항공(출),강서구,서울특별시 강서구 오정로 443-83,37.545842,126.797675
우리은행 아크로비스타금융센터,우리은행,아크로비스타금융센터,서초구,서울특별시 서초구 서초동 서초중앙로,37.498966,127.012783
우리은행 아현동금융센터,우리은행,아현동금융센터,마포구,서울특별시 마포구 아현동 마포대로,37.551527,126.956195
우리은행 아현역지점,우리은행,아현역지점,서대문구,서울특별시 서대문구 북아현동 신촌로,37.557644,126.956726
우리은행 안국역지점,우리은행,안국역지점,종로구,서울특별시 종로구 재동 율곡로,37.576824,126.985538
우리은행 암사역지점,우리은행,암사역지점,강동구,서울특별시 강동구 암사동 올림픽로,37.550061,127.127289
우리은행 압구정동금융센터,우리은행,압구정동금융센터,강남구,서울특별시 강남구 신사동 언주로,37.52856,127.03406
우리은행 압구정역지점,우리은행,압구정역지점,강남구,서울특별시 강남구 신사동 압구정로,37.527674,127.029808
우리은행 약수역지점,우리은행,약수역지점,중구,서울특별시 중구 신당동 다산로,37.553122,127.009758
우리은행 양재남금융센터,우리은행,양재남금융센터,서초구,서울특별시 서초구 양재동 바우뫼로27길,37.477761,127.037554
우리은행 양재역지점,우리은행,양재역지점,서초구,서울특별시 서초구 서초동 강남대로,37.484954,127.033165
우리은행 양재중앙지점,우리은행,양재중앙지점,서초구,서울특별시 서초구 양재동 논현로,37.477327,127.044429
우리은행 양천구청지점,우리은행,양천구청지점,양천구,서울특별시 양천구 신정동 목동동로,37.517759,126.865784
우리은행 양평동지점,우리은행,양평동지점,영등포구,서울특별시 영등포구 양평동2가 영등포로,37.523216,126.885488
우리은행 여의도중앙지점,우리은행,여의도중앙지점,영등포구,서울특별시 영등포구 여의도동 여의나루로,37.523772,126.927053
우리은행 여의도지점,우리은행,여의도지점,영등포구,서울특별시 영등포구 여의도동 국제금융로8길,37.5212,126.929853
우리은행 여의도한화금융센터,우리은행,여의도한화금융센터,영등포구,서울특별시 영등포구 여의도동 63로,37.519885,126.938988
우리은행 역삼역지점,우리은행,역삼역지점,강남구,서울특별시 강남구 역삼동 논현로,37.498822,127.038301
우리은행 역촌동지점,우리은행,역촌동지점,은평구,서울특별시 은평구 역촌동 연서로,37.610695,126.917369
우리은행 연세금융센터,우리은행,연세금융센터,서대문구,서울특별시 서대문구 신촌동 연세로,37.563802,126.938357
우리은행 연신내지점,우리은행,연신내지점,은평구,서울특별시 은평구 대조동 통일로,37.617996,126.92178
우리은행 연희동지점,우리은행,연희동지점,서대문구,서울특별시 서대문구 연희동 연희로,37.568967,126.932301
우리은행 영동지점,우리은행,영동지점,강남구,서울특별시 강남구 청담동 학동로,37.517592,127.041887
우리은행 영등포구청지점,우리은행,영등포구청지점,영등포구,서울특별시 영등포구 당산동3가 당산로,37.525958,126.896419
우리은행 영등포시니어플러스(출),우리은행,영등포시니어플러스(출),영등포구,서울특별시 영등포구 영등포동3가 영등포로,37.51907,126.908095
우리은행 영등포중앙금융센터,우리은행,영등포중앙금융센터,영등포구,서울특별시 영등포구 영등포동4가 영등포로,37.519984,126.903648
우리은행 오류동지점,우리은행,오류동지점,구로구,서울특별시 구로구 오류동 오류로8길,37.492319,126.843456
우리은행 올림픽지점,우리은행,올림픽지점,송파구,서울특별시 송파구 방이동 양재대로,37.512116,127.1289
우리은행 왕십리역금융센터,우리은행,왕십리역금융센터,성동구,서울특별시 성동구 행당동 왕십리로,37.561378,127.034583
우리은행 용산구청지점,우리은행,용산구청지점,용산구,서울특별시 용산구 이태원동 녹사평대로,37.532527,126.99049
우리은행 용산금융센터,우리은행,용산금융센터,용산구,서울특별시 용산구 한강로1가 한강대로,37.534542,126.973633
우리은행 우장산역지점,우리은행,우장산역지점,강서구,서울특별시 강서구 내발산동 강서로,37.549684,126.836048
우리은행 워커힐(출),우리은행,워커힐(출),광진구,서울특별시 광진구 아차산로 636,37.54918,127.108485
우리은행 원효로지점,우리은행,원효로지점,용산구,서울특별시 용산구 원효로3가 원효로,37.533724,126.958229
우리은행 은평뉴타운지점,우리은행,은평뉴타운지점,은평구,서울특별시 은평구 진관동 진관2로,37.6348,126.919208
우리은행 은평성모병원(출),우리은행,은평성모병원(출),은평구,서울특별시 은평구 진관동 통일로,37.633609,126.916153
우리은행 을지로5가지점,우리은행,을지로5가지점,중구,서울특별시 중구 을지로5가 동호로,37.565812,127.001993
우리은행 응암동금융센터,우리은행,응암동금융센터,은평구,서울특별시 은평구 응암동 은평로,37.601247,126.927251
우리은행 응암로지점,우리은행,응암로지점,은평구,서울특별시 은평구 응암동 응암로,37.593339,126.917714
우리은행 이수역지점,우리은행,이수역지점,서초구,서울특별시 서초구 방배동 방배천로,37.484788,126.982493
우리은행 자양동금융센터,우리은행,자양동금융센터,광진구,서울특별시 광진구 자양동 아차산로,37.536418,127.082951
우리은행 잠실금융센터,우리은행,잠실금융센터,송파구,서울특별시 송파구 잠실동 석촌호수로,37.509903,127.085763
우리은행 잠실나루역지점,우리은행,잠실나루역지점,송파구,서울특별시 송파구 신천동 올림픽로37길,37.521263,127.104273
우리은행 잠실본동지점,우리은행,잠실본동지점,송파구,서울특별시 송파구 잠실동 백제고분로,37.510012,127.079114
우리은행 잠실역금융센터,우리은행,잠실역금융센터,송파구,서울특별시 송파구 신천동 올림픽로,37.514217,127.101282
우리은행 잠원동지점,우리은행,잠원동지점,서초구,서울특별시 서초구 잠원동 신반포로23길,37.508606,127.003462
우리은행 장위동지점,우리은행,장위동지점,성북구,서울특별시 성북구 장위동 장위로,37.614061,127.04278
우리은행 장한평금융센터,우리은행,장한평금융센터,동대문구,서울특별시 동대문구 장안동 천호대로,37.561522,127.066694
우리은행 전농동지점,우리은행,전농동지점,동대문구,서울특별시 동대문구 전농동 전농로,37.577732,127.057224
우리은행 종로4가금융센터,우리은행,종로4가금융센터,종로구,서울특별시 종로구 종로4가 종로,37.570372,126.998337
우리은행 종로YMCA지점,우리은행,종로YMCA지점,종로구,서울특별시 종로구 종로2가 종로,37.570403,126.985554
우리은행 종로구청지점,우리은행,종로구청지점,종로구,서울특별시 종로구 수송동 종로1길,37.57473,126.979154
우리은행 종로금융센터,우리은행,종로금융센터,중구,서울특별시 중구 남대문로1가 남대문로,37.567693,126.983021
우리은행 종암금융센터,우리은행,종암금융센터,성북구,서울특별시 성북구 하월곡동 종암로,37.604307,127.032152
우리은행 중계2동지점,우리은행,중계2동지점,노원구,서울특별시 노원구 중계동 동일로203가길,37.639455,127.064177
우리은행 중계동금융센터,우리은행,중계동금융센터,노원구,서울특별시 노원구 중계동 한글비석로,37.65044,127.076463
우리은행 중곡동지점,우리은행,중곡동지점,광진구,서울특별시 광진구 중곡동 용마산로,37.55745,127.088195
우리은행 중구청지점,우리은행,중구청지점,중구,서울특별시 중구 예관동 창경궁로,37.564051,126.998147
우리은행 중랑교금융센터,우리은행,중랑교금융센터,중랑구,서울특별시 중랑구 상봉동 망우로,37.593454,127.075129
우리은행 중랑구청지점,우리은행,중랑구청지점,중랑구,서울특별시 중랑구 신내동 봉화산로,37.606349,127.094044
우리은행 중림동금융센터,우리은행,중림동금융센터,중구,서울특별시 중구 만리동1가 만리재로,37.556593,126.968229
우리은행 중부금융센터,우리은행,중부금융센터,중구,서울특별시 중구 저동2가 수표로,37.56426,126.990251
우리은행 중앙대병원(출),우리은행,중앙대병원(출),동작구,서울특별시 동작구 흑석동 흑석로,37.507122,126.960951
우리은행 중앙대학교지점,우리은행,중앙대학교지점,동작구,서울특별시 동작구 흑석동 흑석로,37.506254,126.958925
우리은행 창동금융센터,우리은행,창동금융센터,도봉구,서울특별시 도봉구 창동 도봉로,37.656492,127.039715
우리은행 창신동지점,우리은행,창신동지점,종로구,서울특별시 종로구 창신동 종로,37.572253,127.012347
우리은행 천호동지점,우리은행,천호동지점,강동구,서울특별시 강동구 천호동 천호대로,37.537272,127.128881
우리은행 청구역지점,우리은행,청구역지점,중구,서울특별시 중구 신당동 다산로,37.559407,127.013008
우리은행 청담동금융센터,우리은행,청담동금융센터,강남구,서울특별시 강남구 청담동 영동대로,37.521017,127.057053
우리은행 청담중앙지점,우리은행,청담중앙지점,강남구,서울특별시 강남구 청담동 영동대로,37.523146,127.054809
우리은행 청량리중앙금융센터,우리은행,청량리중앙금융센터,동대문구,서울특별시 동대문구 제기동 왕산로,37.579383,127.041937
우리은행 충정로지점,우리은행,충정로지점,서대문구,서울특별시 서대문구 충정로3가 충정로,37.561833,126.963375
우리은행 코엑스삼성중앙지점,우리은행,코엑스삼성중앙지점,강남구,서울특별시 강남구 삼성동 봉은사로86길,37.512855,127.056268
우리은행 코엑스지점,우리은행,코엑스지점,강남구,서울특별시 강남구 삼성동 테헤란로,37.507917,127.059065
우리은행 태릉역금융센터,우리은행,태릉역금융센터,중랑구,서울특별시 중랑구 묵동 중랑역로,37.615822,127.076611
우리은행 테크노마트지점,우리은행,테크노마트지점,광진구,서울특별시 광진구 구의동 광나루로56길,37.535623,127.095298
우리은행 테헤란로금융센터,우리은행,테헤란로금융센터,강남구,서울특별시 강남구 역삼동 테헤란로,37.498774,127.031467
우리은행 평창동지점,우리은행,평창동지점,종로구,서울특별시 종로구 평창동 평창문화로,37.609547,126.973871
우리은행 포스코금융센터,우리은행,포스코금융센터,강남구,서울특별시 강남구 대치동 테헤란로,37.505784,127.055893
우리은행 풍납동(출),우리은행,풍납동(출),송파구,서울특별시 송파구 토성로 78,37.528048,127.118393
우리은행 한강로금융센터,우리은행,한강로금융센터,용산구,서울특별시 용산구 한강로2가 한강대로30길,37.527655,126.968878
우리은행 한경미디어지점,우리은행,한경미디어지점,중구,서울특별시 중구 중림동 청파로,37.559808,126.967138
우리은행 한국과학기술연구원(출),우리은행,한국과학기술연구원(출),성북구,서울특별시 성북구 하월곡동 화랑로14길,37.600646,127.045283
우리은행 한국외국어대학교지점,우리은행,한국외국어대학교지점,동대문구,서울특별시 동대문구 이문동 이문로,37.595604,127.059446
우리은행 한남동금융센터,우리은행,한남동금융센터,용산구,서울특별시 용산구 한남동 이태원로,37.536353,126.999765
우리은행 한림대학교강남성심병원(출),우리은행,한림대학교강남성심병원(출),영등포구,서울특별시 영등포구 신길로1길 6,37.494045,126.908224
우리은행 한림대학교강동성심병원(출),우리은행,한림대학교강동성심병원(출),강동구,서울특별시 강동구 성안로 150,37.536151,127.135345
우리은행 한림대학교한강성심병원(출),우리은행,한림대학교한강성심병원(출),영등포구,서울특별시 영등포구 영등포동2가 버드나루로7길,37.522648,126.909504
우리은행 한티역지점,우리은행,한티역지점,강남구,서울특별시 강남구 도곡동 선릉로,37.495301,127.052706
우리은행 한화금융센터,우리은행,한화금융센터,중구,서울특별시 중구 장교동 청계천로,37.567581,126.986865
우리은행 합정동지점,우리은행,합정동지점,마포구,서울특별시 마포구 합정동 독막로,37.54856,126.914393
우리은행 혜화동지점,우리은행,혜화동지점,종로구,서울특별시 종로구 혜화동 창경궁로,37.585033,127.001088
우리은행 홍제동금융센터,우리은행,홍제동금융센터,서대문구,서울특별시 서대문구 홍제동 세검정로,37.59175,126.945339
우리은행 화곡동시니어플러스(출),우리은행,화곡동시니어플러스(출),강서구,서울특별시 강서구 화곡동 가로공원로76길,37.534651,126.838117
우리은행 화곡역지점,우리은행,화곡역지점,강서구,서울특별시 강서구 화곡동 강서로,37.542363,126.839322
우리은행 화양동지점,우리은행,화양동지점,성동구,서울특별시 성동구 성수동2가 광나루로,37.547936,127.065737
우리은행 효자동지점,우리은행,효자동지점,종로구,서울특별시 종로구 통인동 자하문로,37.578458,126.971363
전북은행 강남대로,전북은행,강남대로,서초구,"서울특별시 서초구 서초동 강남대로 327, 2층",37.492096,127.029912
전북은행 광화문종합금융센터,전북은행,광화문종합금융센터,중구,"서울특별시 중구 무교동 세종대로 136, 2층",37.568412,126.977713
전북은행 동대문외국인금융센터,전북은행,동대문외국인금융센터,중구,"서울특별시 중구 을지로6가 을지로 251, 기승플러스빌딩 3층",37.566538,127.006366
전북은행 서울,전북은행,서울,중구,"서울특별시 중구 무교동 세종대로 136, 서울파이낸스빌딩",37.568403,126.978235
전북은행 언택트금융센터,전북은행,언택트금융센터,마포구,"서울특별시 마포구 서교동 양화로 85, (동현빌딩 4층)",37.552281,126.917061
전북은행 여의도,전북은행,여의도,영등포구,"서울특별시 영등포구 여의도동 여의나루로 77, JB빌딩",37.524061,126.927365
전북은행 오토금융센터,전북은행,오토금융센터,마포구,"서울특별시 마포구 서교동 양화로 85, 동현빌딩 8층",37.552281,126.917061
전북은행 잠실,전북은행,잠실,송파구,"서울특별시 송파구 잠실동 올림픽로 119, 파인애플상가 3층",37.51209,127.084166
제주은행 서울,제주은행,서울,강남구,서울특별시 강남구 역삼동 테헤란로 143,37.500619,127.034897
하나은행 63빌딩,하나은행,63빌딩,영등포구,서울특별시 영등포구 여의도동 63로 50 (여의도동),37.519577,126.939845
하나은행 Club1 PB 센터,하나은행,Club1 PB 센터,강남구,서울특별시 강남구 삼성동 영동대로96길26,37.537179,127.005517
하나은행 Club1 한남PB센터,하나은행,Club1 한남PB센터,용산구,서울특별시 용산구 한남동 한남대로 98,37.537179,127.005517
하나은행 LS용산타워,하나은행,LS용산타워,용산구,"서울특별시 용산구 한강로2가 한강대로 92 (한강로2가, LS용산타워)",37.528176,126.967523
하나은행 SBS,하나은행,SBS,양천구,서울특별시 양천구 목동 목동서로 161 (목동),37.529191,126.873746
하나은행 SK센터,하나은행,SK센터,종로구,서울특별시 종로구 서린동 종로 26 (서린동),37.56971,126.980452
하나은행 jtbc,하나은행,jtbc,마포구,서울특별시 마포구 상암동 상암산로 48-6 (상암동),37.577011,126.8901
하나은행 가락금융센터,하나은행,가락금융센터,송파구,서울특별시 송파구 가락동 중대로135,37.495101,127.122425
하나은행 가락중앙,하나은행,가락중앙,송파구,"서울특별시 송파구 가락동 동남로18길 9 (가락동, 극동APT)",37.495155,127.131879
하나은행 가산디지털금융센터,하나은행,가산디지털금융센터,금천구,서울특별시 금천구 가산동 가산디지털1로 131 (가산동),37.477082,126.882224
하나은행 강남,하나은행,강남,강남구,서울특별시 강남구 역삼동 테헤란로 126 (역삼동),37.499011,127.032349
하나은행 강남구청역,하나은행,강남구청역,강남구,서울특별시 강남구 삼성동 선릉로 652,37.514829,127.042448
하나은행 강남금융센터,하나은행,강남금융센터,강남구,서울특별시 강남구 삼성동 삼성로508,37.496683,127.0277
하나은행 강남역,하나은행,강남역,서초구,서울특별시 서초구 서초동 강남대로 405 (서초동),37.498775,127.026691
하나은행 강남역금융센터,하나은행,강남역금융센터,서초구,"서울특별시 서초구 서초2동 강남대로 381 (서초동, 두산베어스텔)",37.496683,127.0277
하나은행 강남파이낸스PB센터,하나은행,강남파이낸스PB센터,강남구,서울특별시 강남구 역삼동 테헤란로 152 (역삼동),37.500024,127.036509
하나은행 강동경희대병원,하나은행,강동경희대병원,강동구,서울특별시 강동구 상일동 동남로 892 (상일동),37.553322,127.157308
하나은행 강동역,하나은행,강동역,강동구,서울특별시 강동구 천호동 천호대로 1089 (천호동),37.536135,127.133024
하나은행 강동중앙,하나은행,강동중앙,강동구,서울특별시 강동구 명일동 양재대로 1566 (명일동),37.545224,127.143179
하나은행 강서금융센터,하나은행,강서금융센터,양천구,서울특별시 양천구 목동 공항대로 604 (목동),37.546978,126.871874
하나은행 개봉동,하나은행,개봉동,구로구,서울특별시 구로구 개봉동 개봉로 71 (개봉동),37.492093,126.855575
하나은행 개포동,하나은행,개포동,강남구,"서울특별시 강남구 개포동 언주로 101 (개포동, 쌍용개포APT)",37.481077,127.053278
하나은행 거여동,하나은행,거여동,송파구,서울특별시 송파구 거여동 오금로 506 (거여동),37.492815,127.144857
하나은행 경복궁역,하나은행,경복궁역,종로구,서울특별시 종로구 적선동 사직로 130 (적선동),37.575376,126.973344
하나은행 경희대,하나은행,경희대,동대문구,서울특별시 동대문구 회기동 경희대로 26-6 (회기동),37.594849,127.052025
하나은행 경희의료원,하나은행,경희의료원,동대문구,서울특별시 동대문구 회기동 경희대로 23 (회기동),37.593777,127.050741
하나은행 계동,하나은행,계동,종로구,서울특별시 종로구 계동 율곡로 75 (계동),37.577473,126.98752
하나은행 고대,하나은행,고대,성북구,서울특별시 성북구 안암동5가 고려대로 113 (안암동5가),37.586564,127.031975
하나은행 고대구로병원,하나은행,고대구로병원,구로구,서울특별시 구로구 구로동 구로동로 148 (구로동),37.491653,126.88396
하나은행 고대병원,하나은행,고대병원,성북구,서울특별시 성북구 안암동5가 고려대로 73 (안암동5가),37.587377,127.026249
하나은행 고덕비즈밸리금융센터,하나은행,고덕비즈밸리금융센터,강동구,서울특별시 강동구 고덕동 고덕비즈밸리로4길 35,37.567654,127.160598
하나은행 고덕역,하나은행,고덕역,강동구,서울특별시 강동구 명일동 동남로75길 29 (명일동),37.554156,127.154529
하나은행 고척동,하나은행,고척동,구로구,서울특별시 구로구 고척동 중앙로5길 59 (고척동),37.500644,126.85849
하나은행 공덕동,하나은행,공덕동,마포구,서울특별시 마포구 공덕동 마포대로 137 (공덕동),37.546794,126.952614
하나은행 공덕역,하나은행,공덕역,마포구,서울특별시 마포구 공덕동 마포대로 130 (공덕동,37.545973,126.952989
하나은행 공릉동,하나은행,공릉동,노원구,서울특별시 노원구 공릉동 공릉로 187 (공릉동),37.626473,127.078659
하나은행 공항로,하나은행,공항로,강서구,서울특별시 강서구 화곡6동 공항대로 426 (화곡동),37.55483,126.854236
하나은행 광운대,하나은행,광운대,노원구,서울특별시 노원구 월계동 광운로 20 (월계동),37.619546,127.059875
하나은행 광장동,하나은행,광장동,광진구,서울특별시 광진구 광장동 아차산로 563 (광장동),37.544134,127.10293
하나은행 광화문역,하나은행,광화문역,종로구,서울특별시 종로구 당주동 새문안로5길 19 (당주동),37.572029,126.974294
하나은행 교대역금융센터,하나은행,교대역금융센터,서초구,서울특별시 서초구 서초동 서초대로 320 (서초동),37.49422,127.016577
하나은행 구로,하나은행,구로,구로구,서울특별시 구로구 구로동 구로동로 115 (구로동),37.48877,126.884262
하나은행 구로금융센터,하나은행,구로금융센터,구로구,서울특별시 구로구 구로동 디지털로300 (구로동),37.484927,126.896538
하나은행 구로디지털금융센터,하나은행,구로디지털금융센터,구로구,서울특별시 구로구 구로동 디지털로34길 55 (구로동),37.484286,126.899282
하나은행 구로역,하나은행,구로역,구로구,서울특별시 구로구 구로5동 새말로 18(구로동),37.501986,126.883146
하나은행 구의역,하나은행,구의역,광진구,서울특별시 광진구 구의동 자양로 116 (구의동),37.538247,127.083851
하나은행 국제전자센터,하나은행,국제전자센터,서초구,서울특별시 서초구 서초동 효령로 304 (서초동),37.484748,127.017796
하나은행 군자역금융센터,하나은행,군자역금융센터,광진구,서울특별시 광진구 중곡동 천호대로 549 (중곡동),37.557699,127.079226
하나은행 낙성대역,하나은행,낙성대역,관악구,서울특별시 관악구 봉천동 남부순환로 1922 (봉천동),37.47702,126.962644
하나은행 남가좌동,하나은행,남가좌동,서대문구,서울특별시 서대문구 남가좌동 수색로 48 (남가좌동),37.570393,126.913593
하나은행 남대문,하나은행,남대문,중구,서울특별시 중구 남대문로5가 통일로 10 (남대문로5가),37.557097,126.973633
하나은행 남대문시장,하나은행,남대문시장,중구,서울특별시 중구 남창동 남대문시장길 45-3(남창동) 2층,37.560545,126.978376
하나은행 남서울,하나은행,남서울,강남구,서울특별시 강남구 논현동 언주로 651 (논현동),37.514934,127.034923
하나은행 내자동,하나은행,내자동,종로구,서울특별시 종로구 내자동 사직로8길 39 (내자동),37.574179,126.973001
하나은행 노량진,하나은행,노량진,동작구,서울특별시 동작구 노량진동 노량진로 156 (노량진동),37.513403,126.943292
하나은행 노원역금융센터,하나은행,노원역금융센터,노원구,서울특별시 노원구 상계동 노해로 467 (상계동),37.654465,127.059718
하나은행 논현역금융센터,하나은행,논현역금융센터,강남구,서울특별시 강남구 논현동 강남대로 546 (논현동),37.510862,127.021889
하나은행 답십리역,하나은행,답십리역,동대문구,서울특별시 동대문구 답십리5동 천호대로 273 (답십리동),37.567836,127.052048
하나은행 당산금융센터,하나은행,당산금융센터,영등포구,"서울특별시 영등포구 당산동5가 당산로 222 (당산동5가, 당산디오빌)",37.533233,126.90229
하나은행 대림역,하나은행,대림역,영등포구,서울특별시 영등포구 대림동 도림로 135,37.493232,126.896859
하나은행 대치동,하나은행,대치동,강남구,서울특별시 강남구 대치동 남부순환로 2942 (대치동),37.493643,127.062313
하나은행 대치중앙,하나은행,대치중앙,강남구,서울특별시 강남구 대치동 도곡로 501 (대치동),37.499323,127.061116
하나은행 도곡PB센터,하나은행,도곡PB센터,강남구,서울특별시 강남구 도곡동 언주로30길 39 (도곡동),37.488746,127.053214
하나은행 도곡금융센터,하나은행,도곡금융센터,강남구,서울특별시 강남구 도곡2동 언주로30길 13 (도곡동),37.487716,127.051334
하나은행 도곡동,하나은행,도곡동,강남구,서울특별시 강남구 도곡동 도곡로 204 (도곡동),37.49215,127.041423
하나은행 도곡렉슬,하나은행,도곡렉슬,강남구,서울특별시 강남구 도곡동 선릉로 225 (도곡동),37.495365,127.05272
하나은행 독산동,하나은행,독산동,금천구,서울특별시 금천구 독산동 시흥대로 421 (독산동),37.471281,126.897816
하나은행 돈암금융센터,하나은행,돈암금융센터,성북구,서울특별시 성북구 동소문동5가 동소문로 98 (동소문동5가),37.592252,127.016173
하나은행 동대문,하나은행,동대문,종로구,서울특별시 종로구 종로6가 종로 272 (종로6가),37.577682,127.042549
하나은행 두산타워금융센터,하나은행,두산타워금융센터,중구,서울특별시 중구 을지로6가 장충단로 275 (을지로6가),37.568858,127.008813
하나은행 둔촌역,하나은행,둔촌역,강동구,서울특별시 강동구 성내동 양재대로 1349 (성내동),37.526723,127.135361
하나은행 롯데월드타워금융센터,하나은행,롯데월드타워금융센터,송파구,서울특별시 송파구 신천동 올림픽로 300 (신천동),37.514114,127.104061
하나은행 마곡금융센터,하나은행,마곡금융센터,강서구,서울특별시 강서구 마곡동 공항대로 237(마곡동),37.559453,126.833913
하나은행 마포,하나은행,마포,마포구,서울특별시 마포구 도화동 큰우물로 75 (도화동),37.541257,126.946292
하나은행 마포역금융센터,하나은행,마포역금융센터,마포구,서울특별시 마포구 도화동 마포대로 52 (도화동),37.540381,126.947689
하나은행 만리동,하나은행,만리동,마포구,서울특별시 마포구 공덕동 효창목길 6 (공덕동),37.547018,126.958819
하나은행 망우동,하나은행,망우동,중랑구,서울특별시 중랑구 망우동 망우로 430 (망우동),37.59952,127.100035
하나은행 망원역,하나은행,망원역,마포구,서울특별시 마포구 망원동 월드컵로 87 (망원동),37.556474,126.909241
하나은행 면목금융센터,하나은행,면목금융센터,중랑구,서울특별시 중랑구 면목동 동일로 628 (면목동),37.586357,127.08024
하나은행 명동금융센터,하나은행,명동금융센터,중구,서울특별시 중구 충무로1가 퇴계로 97 (충무로1가),37.560807,126.98253
하나은행 명지대인문캠퍼스,하나은행,명지대인문캠퍼스,서대문구,서울특별시 서대문구 남가좌동 거북골로 34 (남가좌동),37.580209,126.924466
하나은행 명지전문대,하나은행,명지전문대,서대문구,서울특별시 서대문구 홍은2동 가좌로 134 (홍은동),37.58418,126.924491
하나은행 목동,하나은행,목동,양천구,서울특별시 양천구 목5동 목동서로 67 (목동),37.536405,126.878546
하나은행 목동금융센터,하나은행,목동금융센터,양천구,서울특별시 양천구 목동 오목로 311,37.525297,126.87198
하나은행 목동남,하나은행,목동남,양천구,서울특별시 양천구 신정동 목동서로 381 (신정동),37.516302,126.861705
하나은행 목동중앙,하나은행,목동중앙,양천구,서울특별시 양천구 목동 목동동로 347 (목동),37.53292,126.877119
하나은행 무역센터,하나은행,무역센터,강남구,서울특별시 강남구 삼성동 테헤란로87길 46 (삼성동),37.510982,127.058206
하나은행 문래역,하나은행,문래역,영등포구,"서울특별시 영등포구 문래동3가 당산로4길 12 (문래동3가, 문래자이)",37.516909,126.894859
하나은행 문정동,하나은행,문정동,송파구,서울특별시 송파구 문정2동 중대로 80 (문정동),37.491762,127.117842
하나은행 문정법조타운,하나은행,문정법조타운,송파구,서울특별시 송파구 문정동 법원로 114 (문정동),37.485359,127.120132
하나은행 미아금융센터,하나은행,미아금융센터,강북구,서울특별시 강북구 미아동 도봉로13길 5 (미아동),37.614484,127.029524
하나은행 반포금융센터,하나은행,반포금융센터,서초구,서울특별시 서초구 반포동 서초중앙로 227 (반포동),37.501865,127.011442
하나은행 반포서래,하나은행,반포서래,서초구,서울특별시 서초구 반포4동 사평대로 140 (반포동),37.50023,126.999644
하나은행 반포중앙,하나은행,반포중앙,서초구,"서울특별시 서초구 반포동 반포대로 287 (반포동, 래미안퍼스티지 중심상가)",37.504344,127.000769
하나은행 반포타운,하나은행,반포타운,서초구,서울특별시 서초구 잠원동 신반포로 213 (잠원동),37.507274,127.007263
하나은행 방배금융센터,하나은행,방배금융센터,서초구,서울특별시 서초구 방배동 방배로 162 (방배동),37.488214,126.993562
하나은행 방배기업센터,하나은행,방배기업센터,서초구,서울특별시 서초구 방배동 방배로 131 (방배동),37.485617,126.994391
하나은행 방배서래,하나은행,방배서래,서초구,서울특별시 서초구 방배동 방배로268(방배동),37.496685,126.98842
하나은행 방이동,하나은행,방이동,송파구,서울특별시 송파구 방이동 위례성대로 14 (방이동),37.516593,127.113956
하나은행 방학동,하나은행,방학동,도봉구,서울특별시 도봉구 방학동 방학로 223 (방학동),37.66162,127.027281
하나은행 방화동,하나은행,방화동,강서구,서울특별시 강서구 방화동 양천로 108 (방화동),37.573105,126.815707
하나은행 번동,하나은행,번동,강북구,서울특별시 강북구 번3동 오현로32길 4-3 (번동),37.628422,127.039866
하나은행 법조타운,하나은행,법조타운,서초구,서울특별시 서초구 서초동 서초대로 301 (서초동),37.494331,127.014512
하나은행 보라매,하나은행,보라매,동작구,"서울특별시 동작구 신대방2동 보라매로5가길 16 (신대방동, 보라매아카데미)",37.492633,126.924484
하나은행 북가좌,하나은행,북가좌,서대문구,서울특별시 서대문구 북가좌동 응암로 86 (북가좌동),37.580473,126.912022
하나은행 삼선교,하나은행,삼선교,성북구,서울특별시 성북구 삼선동1가 창경궁로 328 (삼선동1가),37.588074,127.00603
하나은행 삼성도심공항센터,하나은행,삼성도심공항센터,강남구,서울특별시 강남구 삼성동 테헤란로87길 21 (삼성동),37.509053,127.05825
하나은행 삼성센터,하나은행,삼성센터,서초구,"서울특별시 서초구 서초동 서초대로74길 11 (서초동, 삼성전자빌딩)",37.51094,127.064829
하나은행 삼성역,하나은행,삼성역,강남구,서울특별시 강남구 대치동 테헤란로 534 (대치동),37.507245,127.059248
하나은행 삼성역금융센터,하나은행,삼성역금융센터,강남구,"서울특별시 강남구 대치동 테헤란로 512 (대치동, 신안빌딩)",37.507245,127.059248
하나은행 삼성역기업센터,하나은행,삼성역기업센터,강남구,서울특별시 강남구 삼성동 영동대로96길26,37.51094,127.064829
하나은행 삼성중앙역,하나은행,삼성중앙역,강남구,서울특별시 강남구 삼성동 삼성로 570 (삼성동),37.512405,127.054131
하나은행 상계동,하나은행,상계동,노원구,서울특별시 노원구 상계동 한글비석로 474 (상계동),37.664826,127.065442
하나은행 상공회의소,하나은행,상공회의소,중구,서울특별시 중구 남대문로4가 세종대로 39 (남대문로4가),37.560714,126.973775
하나은행 상도역,하나은행,상도역,동작구,서울특별시 동작구 상도1동 상도로 265 (상도1동),37.50379,126.947596
하나은행 상암DMC금융센터,하나은행,상암DMC금융센터,마포구,서울특별시 마포구 상암동 월드컵북로 402 (상암동),37.580146,126.889043
하나은행 서교동,하나은행,서교동,마포구,서울특별시 마포구 서교동 와우산로97 (서교동),37.553094,126.924354
하나은행 서대문,하나은행,서대문,종로구,서울특별시 종로구 신문로2가 새문안로 42 (신문로2가),37.566428,126.965458
하나은행 서대문역,하나은행,서대문역,서대문구,서울특별시 서대문구 충정로2가 통일로 135 (충정로2가),37.566428,126.965458
하나은행 서린,하나은행,서린,종로구,서울특별시 종로구 서린동 종로 22 (서린동),37.569883,126.979711
하나은행 서소문,하나은행,서소문,중구,서울특별시 중구 서소문동 서소문로 110 (서소문동),37.562669,126.973571
하나은행 서압구정,하나은행,서압구정,강남구,서울특별시 강남구 신사동 압구정로 156 (신사동),37.526028,127.02677
하나은행 서여의도금융센터,하나은행,서여의도금융센터,영등포구,서울특별시 영등포구 여의도동 여의공원로 101 (여의도동),37.529297,126.924885
하나은행 서울대역금융센터,하나은행,서울대역금융센터,관악구,"서울특별시 관악구 봉천7동 남부순환로 1836 (봉천동, 남경도빌딩)",37.480533,126.953744
하나은행 서울숲,하나은행,서울숲,성동구,서울특별시 성동구 성수동1가 왕십리로 88 (성수동1가),37.547694,127.045124
하나은행 서울아산병원,하나은행,서울아산병원,송파구,서울특별시 송파구 풍납동 올림픽로43길 88 (풍납동),37.524878,127.107887
하나은행 서울아산병원신관,하나은행,서울아산병원신관,송파구,서울특별시 송파구 풍납동 올림픽로43길 88 (풍납동),37.524878,127.107887
하나은행 서청담,하나은행,서청담,강남구,서울특별시 강남구 청담동 학동로 501 (청담동),37.519158,127.050468
하나은행 서초,하나은행,서초,서초구,서울특별시 서초구 서초3동 서초중앙로 69 (서초동),37.487846,127.01431
하나은행 서초금융센터,하나은행,서초금융센터,서초구,서울특별시 서초구 서초동 강남대로 299(서초동),37.489706,127.030992
하나은행 서초동,하나은행,서초동,서초구,서울특별시 서초구 서초동 서초대로 286 (서초동),37.493183,127.013027
하나은행 서초로,하나은행,서초로,서초구,서울특별시 서초구 서초동 효령로 190 (서초동),37.482529,127.005064
하나은행 서초슈퍼빌,하나은행,서초슈퍼빌,서초구,"서울특별시 서초구 서초동 서초중앙로 15 (서초동, 현대슈퍼빌)",37.483077,127.016937
하나은행 석계역,하나은행,석계역,노원구,서울특별시 노원구 월계3동 마들로31 (월계동),37.61573,127.068015
하나은행 석촌역,하나은행,석촌역,송파구,서울특별시 송파구 석촌동 백제고분로 362 (석촌동),37.504422,127.106435
하나은행 선릉역,하나은행,선릉역,강남구,서울특별시 강남구 삼성동 테헤란로 401 (삼성동),37.504973,127.049144
하나은행 성북동,하나은행,성북동,성북구,서울특별시 성북구 성북2동 성북로 122 (성북동),37.594016,126.996132
하나은행 성산동,하나은행,성산동,마포구,서울특별시 마포구 성산동 월드컵북로 136 (성산동),37.56503,126.912481
하나은행 성수역,하나은행,성수역,성동구,서울특별시 성동구 성수2가3동 성수이로 113 (성수동2가),37.545125,127.057179
하나은행 송파,하나은행,송파,송파구,"서울특별시 송파구 오금동 오금로 307 (오금동, 삼부르네상스빌)",37.503474,127.126674
하나은행 송파중앙,하나은행,송파중앙,송파구,서울특별시 송파구 송파2동 오금로32길 32 (송파동),37.503559,127.118776
하나은행 송파헬리오시티,하나은행,송파헬리오시티,송파구,서울특별시 송파구 가락동 송파대로 345,37.499638,127.111467
하나은행 수서역,하나은행,수서역,강남구,서울특별시 강남구 수서동 밤고개로1길 10 (수서동),37.488025,127.101845
하나은행 수유역금융센터,하나은행,수유역금융센터,강북구,서울특별시 강북구 번동 도봉로 328 (번동),37.637128,127.025192
하나은행 수출입은행,하나은행,수출입은행,영등포구,서울특별시 영등포구 여의도동 은행로 38 (여의도동),37.528633,126.923406
하나은행 숙대입구역,하나은행,숙대입구역,용산구,서울특별시 용산구 갈월동 한강대로 296 (남영동),37.544707,126.972453
하나은행 시흥,하나은행,시흥,금천구,서울특별시 금천구 시흥동 독산로 132 (시흥동),37.458992,126.905335
하나은행 시흥동,하나은행,시흥동,금천구,서울특별시 금천구 시흥동 시흥대로 210 (시흥동),37.452653,126.901883
하나은행 신길동,하나은행,신길동,영등포구,서울특별시 영등포구 신길4동 신길로 204 (신길동),37.510455,126.910708
하나은행 신당역,하나은행,신당역,중구,서울특별시 중구 신당동 퇴계로 450 (신당동),37.565301,127.021532
하나은행 신림역,하나은행,신림역,관악구,서울특별시 관악구 신림동 신림로 350,37.485507,126.929949
하나은행 신목동,하나은행,신목동,양천구,서울특별시 양천구 신정2동 신목로 34 (신정동),37.51866,126.873959
하나은행 신반포,하나은행,신반포,서초구,서울특별시 서초구 반포동 신반포로15길 29 (반포동),37.505476,126.994699
하나은행 신사동,하나은행,신사동,서초구,서울특별시 서초구 잠원동 강남대로 587 (잠원동),37.514138,127.019488
하나은행 신사역,하나은행,신사역,강남구,서울특별시 강남구 논현동 도산대로 110(논현동),37.516279,127.02102
하나은행 신설동금융센터,하나은행,신설동금융센터,동대문구,서울특별시 동대문구 신설동 왕산로 14 (신설동),37.575968,127.025228
하나은행 신월동,하나은행,신월동,양천구,서울특별시 양천구 신월동 곰달래로 47 (신월동),37.530175,126.837894
하나은행 신자양,하나은행,신자양,광진구,"서울특별시 광진구 자양동 능동로 18 (자양동, 이튼타워리버3차)",37.532681,127.067879
하나은행 신정동,하나은행,신정동,양천구,서울특별시 양천구 신정동 중앙로 272 (신정동),37.520557,126.85305
하나은행 신촌,하나은행,신촌,마포구,서울특별시 마포구 노고산동 서강로 144 (노고산동),37.554489,126.93661
하나은행 아시아선수촌PB센터,하나은행,아시아선수촌PB센터,송파구,"서울특별시 송파구 잠실7동 올림픽로4길 17 (잠실동, 아시아선수촌APT)",37.508812,127.076407
하나은행 아차산역,하나은행,아차산역,광진구,서울특별시 광진구 중곡동 천호대로 651 (중곡동),37.553012,127.089594
하나은행 안국동,하나은행,안국동,종로구,서울특별시 종로구 안국동 율곡로 53 (안국동),37.5766,126.985127
하나은행 압구정,하나은행,압구정,강남구,서울특별시 강남구 신사동 압구정로 210 (신사동),37.527746,127.030136
하나은행 압구정PB센터,하나은행,압구정PB센터,강남구,서울특별시 강남구 신사동 언주로 867 (신사동),37.52797,127.033073
하나은행 압구정금융센터,하나은행,압구정금융센터,강남구,서울특별시 강남구 신사동 압구정로 320 (신사동),37.528543,127.036455
하나은행 약수역,하나은행,약수역,중구,서울특별시 중구 신당동 동호로 191 (신당동),37.554952,127.009954
하나은행 양재동,하나은행,양재동,서초구,서울특별시 서초구 양재동 강남대로27길 7-15 (양재동),37.4786,127.038023
하나은행 양재역,하나은행,양재역,서초구,서울특별시 서초구 양재동 남부순환로 2620 (양재동),37.484515,127.037328
하나은행 양재중앙,하나은행,양재중앙,서초구,서울특별시 서초구 양재동 마방로 68 (양재동),37.477717,127.044012
하나은행 언주역,하나은행,언주역,강남구,서울특별시 강남구 역삼1동 논현로 563,37.506329,127.034024
하나은행 여의도,하나은행,여의도,영등포구,서울특별시 영등포구 여의도동 국제금융로 72 (여의도동),37.52112,126.930836
하나은행 여의도PB센터,하나은행,여의도PB센터,영등포구,서울특별시 영등포구 여의도동 국제금융로 39 (여의도동) 2층,37.5242,126.9303
하나은행 여의도금융센터,하나은행,여의도금융센터,영등포구,서울특별시 영등포구 여의도동 여의나루로 53-1 (여의도동),37.522702,126.924994
하나은행 역삼역금융센터,하나은행,역삼역금융센터,강남구,서울특별시 강남구 역삼1동 테헤란로 207 (역삼동),37.501715,127.038717
하나은행 역삼중앙,하나은행,역삼중앙,강남구,서울특별시 강남구 역삼동 논현로 417 (역삼동),37.497349,127.038094
하나은행 역촌동,하나은행,역촌동,은평구,서울특별시 은평구 역촌동 서오릉로 101 (역촌동),37.608821,126.920271
하나은행 연신내역금융센터,하나은행,연신내역금융센터,은평구,서울특별시 은평구 불광2동 통일로 842 (불광동),37.61869,126.922064
하나은행 연희동,하나은행,연희동,서대문구,서울특별시 서대문구 연희동 연희로 103 (연희동),37.567234,126.930907
하나은행 영등포금융센터,하나은행,영등포금융센터,영등포구,서울특별시 영등포구 영등포동4가 영중로 35 (영등포동4가),37.519263,126.904834
하나은행 영업1부,하나은행,영업1부,중구,서울특별시 중구 을지로1가 을지로35,37.566491,126.981866
하나은행 영업1부PB센터,하나은행,영업1부PB센터,중구,서울특별시 중구 을지로1가 을지로 35,37.566491,126.981866
하나은행 영업2부,하나은행,영업2부,중구,"서울특별시 중구 을지로2가 을지로 55 (을지로2가, 하나은행별관빌딩)",37.566409,126.984024
하나은행 영업부,하나은행,영업부,중구,서울특별시 중구 을지로2가 을지로 66 (을지로2가),37.565481,126.984488
하나은행 오류동,하나은행,오류동,구로구,서울특별시 구로구 오류동 경인로 218 (오류동),37.496253,126.845162
하나은행 옥수역,하나은행,옥수역,성동구,서울특별시 성동구 옥수동 한림말길 53 (옥수동),37.541507,127.01682
하나은행 올림픽,하나은행,올림픽,송파구,서울특별시 송파구 방이동 올림픽로 424 (방이동),37.520555,127.115052
하나은행 올림픽선수촌PB센터,하나은행,올림픽선수촌PB센터,송파구,서울특별시 송파구 방이동 양재대로 1222 (방이동),37.515784,127.131105
하나은행 올림픽파크포레온 VIP CLUB(점),하나은행,올림픽파크포레온 VIP CLUB(점),강동구,서울특별시 강동구 둔촌동 양재대로 1360,37.527476,127.137046
하나은행 왕십리,하나은행,왕십리,성동구,서울특별시 성동구 홍익동 고산자로 293 (홍익동),37.565812,127.036021
하나은행 용산PB센터,하나은행,용산PB센터,용산구,서울특별시 용산구 한강로2가 서빙고로 17,37.526905,126.966567
하나은행 용산역,하나은행,용산역,용산구,서울특별시 용산구 한강로3가 한강대로23길 55(한강로3가),37.529136,126.964107
하나은행 우이동,하나은행,우이동,도봉구,서울특별시 도봉구 쌍문동 삼양로 538-5 (쌍문동),37.651278,127.013317
하나은행 워커힐,하나은행,워커힐,광진구,서울특별시 광진구 광장동 아차산로 627 (광장동),37.548802,127.107277
하나은행 월곡동,하나은행,월곡동,성북구,"서울특별시 성북구 하월곡동 오패산로 46 (하월곡동, 월곡두산위브APT)",37.606259,127.037005
하나은행 은평뉴타운,하나은행,은평뉴타운,은평구,서울특별시 은평구 진관동 진관3로 21,37.639232,126.919355
하나은행 을지로6가,하나은행,을지로6가,중구,서울특별시 중구 을지로6가 을지로 255 (을지로6가),37.566451,127.006599
하나은행 을지로금융센터,하나은행,을지로금융센터,중구,서울특별시 중구 을지로4가 을지로 170 (을지로4가),37.56614,126.997328
하나은행 응봉삼거리,하나은행,응봉삼거리,성동구,"서울특별시 성동구 행당동 고산자로 164 (행당동, 행당동한신APT)",37.554916,127.035008
하나은행 응암동,하나은행,응암동,은평구,서울특별시 은평구 응암동 응암로 258 (응암동),37.594838,126.918736
하나은행 이수역,하나은행,이수역,동작구,서울특별시 동작구 사당동 동작대로 109 (사당동),37.486308,126.981662
하나은행 이촌동,하나은행,이촌동,용산구,서울특별시 용산구 서빙고동 이촌로 352 (용산동6가),37.517384,126.985177
하나은행 이태원,하나은행,이태원,용산구,서울특별시 용산구 이태원동 이태원로 145 (이태원동),37.534592,126.989912
하나은행 일원동,하나은행,일원동,강남구,서울특별시 강남구 개포동 개포로 615 (개포동),37.492659,127.075585
하나은행 일원역,하나은행,일원역,강남구,서울특별시 강남구 일원동 광평로19길 15 (일원동),37.484664,127.08627
하나은행 잠실레이크팰리스,하나은행,잠실레이크팰리스,송파구,"서울특별시 송파구 잠실동 석촌호수로 133 (잠실동, 레이크팰리스)",37.507651,127.091799
하나은행 잠실새내역금융센터,하나은행,잠실새내역금융센터,송파구,서울특별시 송파구 잠실동 올림픽로 114 (잠실동),37.511389,127.083187
하나은행 잠실역금융센터,하나은행,잠실역금융센터,송파구,서울특별시 송파구 신천동 올림픽로 299 (신천동),37.515451,127.10355
하나은행 잠원역,하나은행,잠원역,서초구,서울특별시 서초구 잠원동 잠원로 94(잠원동),37.512741,127.011771
하나은행 장안동금융센터,하나은행,장안동금융센터,동대문구,서울특별시 동대문구 답십리동 천호대로 343 (답십리동),37.563511,127.057868
하나은행 장한평,하나은행,장한평,동대문구,서울특별시 동대문구 장안동 장한로 40 (장안동),37.564695,127.067008
하나은행 정릉,하나은행,정릉,성북구,"서울특별시 성북구 정릉2동 정릉로 250 (정릉동, 정릉빌딩)",37.604268,127.011372
하나은행 종로5가,하나은행,종로5가,종로구,서울특별시 종로구 종로5가 종로 241,37.571351,127.004553
하나은행 종로금융센터,하나은행,종로금융센터,종로구,서울특별시 종로구 공평동 우정국로 26 (공평동),37.571497,126.983659
하나은행 중계동,하나은행,중계동,노원구,서울특별시 노원구 중계1동 노원로22길 77(중계동),37.647885,127.07456
하나은행 창동역,하나은행,창동역,도봉구,서울특별시 도봉구 창동 노해로 341 (창동),37.651452,127.045916
하나은행 천호역금융센터,하나은행,천호역금융센터,강동구,서울특별시 강동구 천호동 올림픽로 658 (천호동),37.537352,127.125688
하나은행 청담동,하나은행,청담동,강남구,서울특별시 강남구 청담1동 영동대로 702 (청담동),37.520481,127.057565
하나은행 청담사거리,하나은행,청담사거리,강남구,서울특별시 강남구 청담동 도산대로 507 (청담동),37.524749,127.048535
하나은행 청량리금융센터,하나은행,청량리금융센터,동대문구,서울특별시 동대문구 용두동 고산자로32길 78 (용두동),37.577682,127.042549
하나은행 충무로역,하나은행,충무로역,중구,서울특별시 중구 주자동 퇴계로 166 (주자동),37.560891,126.99015
하나은행 코엑스,하나은행,코엑스,강남구,서울특별시 강남구 삼성동 영동대로 520 (삼성동),37.513641,127.061137
하나은행 태릉금융센터,하나은행,태릉금융센터,중랑구,서울특별시 중랑구 묵동 동일로 946(묵동),37.615025,127.076992
하나은행 테헤란로,하나은행,테헤란로,강남구,서울특별시 강남구 역삼동 테헤란로 310 (역삼동),37.502847,127.04476
하나은행 트윈타워,하나은행,트윈타워,영등포구,서울특별시 영등포구 여의도동 국제금융로 72 (여의도동),37.527927,126.929241
하나은행 평창동PB센터,하나은행,평창동PB센터,종로구,서울특별시 종로구 평창동 평창문화로 87 (평창동),37.607254,126.970795
하나은행 풍납동,하나은행,풍납동,송파구,서울특별시 송파구 풍납동 올림픽로 507 (풍납동),37.527529,127.118546
하나은행 하계역,하나은행,하계역,노원구,서울특별시 노원구 하계동 한글비석로 56 (하계동),37.635871,127.068693
하나은행 하나스퀘어,하나은행,하나스퀘어,성북구,서울특별시 성북구 안암동5가 안암로 145(안암동5가),37.584871,127.025968
하나은행 하나증권금융센터,하나은행,하나증권금융센터,영등포구,서울특별시 영등포구 여의도동 의사당대로 82 (여의도동),37.522681,126.921854
하나은행 학동,하나은행,학동,강남구,서울특별시 강남구 청담동 선릉로 806 (청담동),37.52389,127.039645
하나은행 학여울역,하나은행,학여울역,강남구,서울특별시 강남구 대치동 영동대로 216 (대치동),37.498403,127.069462
하나은행 한남동금융센터,하나은행,한남동금융센터,용산구,서울특별시 용산구 한남동 독서당로 85 (한남동),37.53466,127.009822
하나은행 합정역금융센터,하나은행,합정역금융센터,마포구,"서울특별시 마포구 서교동 양화로 45 (서교동, 메세나폴리스)",37.5515,126.91395
하나은행 행당역,하나은행,행당역,성동구,"서울특별시 성동구 행당동 행당로 87, (행당동, 행당동대림APT)",37.557292,127.028544
하나은행 현대모터금융센터,하나은행,현대모터금융센터,서초구,서울특별시 서초구 양재2동 헌릉로 12 (양재동),37.464505,127.043726
하나은행 혜화동,하나은행,혜화동,종로구,서울특별시 종로구 명륜동2가 창경궁로 254 (명륜2가),37.583753,126.99995
하나은행 홍대역,하나은행,홍대역,마포구,서울특별시 마포구 동교동 양화로 151 (동교동),37.556272,126.922375
하나은행 홍제역,하나은행,홍제역,서대문구,서울특별시 서대문구 홍제동 통일로 472 (홍제동),37.5905,126.942727
하나은행 화곡역,하나은행,화곡역,강서구,서울특별시 강서구 화곡3동 강서로 183 (화곡동),37.542474,126.838905
하나은행 화양동,하나은행,화양동,광진구,서울특별시 광진구 화양동 동일로 180 (화양동),37.548061,127.067762
하나은행 휘경금융센터,하나은행,휘경금융센터,동대문구,서울특별시 동대문구 회기동 회기로 175 (회기동),37.590388,127.055739
하나은행 흑석뉴타운,하나은행,흑석뉴타운,동작구,서울특별시 동작구 흑석동 흑석한강로 2 (흑석동),37.506599,126.966524
한국산업은행 가산,한국산업은행,가산,금천구,서울특별시 금천구 가산동 가산디지털1로 128,37.47718,126.883733
한국산업은행 강남,한국산업은행,강남,강남구,서울특별시 강남구 대치동 영동대로 421,37.507,127.063529
한국산업은행 구로디지털,한국산업은행,구로디지털,구로구,서울특별시 구로구 구로동 디지털로 300,37.485147,126.896839
한국산업은행 노원,한국산업은행,노원,노원구,서울특별시 노원구 상계동 노해로 467,37.654442,127.059911
한국산업은행 도곡,한국산업은행,도곡,강남구,서울특별시 강남구 도곡동 남부순환로 2803,37.488962,127.051964
한국산업은행 마곡,한국산업은행,마곡,강서구,서울특별시 강서구 마곡동 공항대로 200,37.558927,126.829555
한국산업은행 마포,한국산업은행,마포,마포구,서울특별시 마포구 서교동 양화로 127,37.554837,126.920482
한국산업은행 반포,한국산업은행,반포,서초구,서울특별시 서초구 반포동 반포대로 287,37.504475,127.000686
한국산업은행 서소문,한국산업은행,서소문,중구,서울특별시 중구 서소문동 서소문로 115,37.563354,126.973614
한국산업은행 서초,한국산업은행,서초,서초구,서울특별시 서초구 서초동 서초대로78길 5,37.497293,127.027254
한국산업은행 성동,한국산업은행,성동,성동구,서울특별시 성동구 성수동2가 성수이로20길 3,37.543707,127.057252
한국산업은행 압구정,한국산업은행,압구정,강남구,서울특별시 강남구 신사동 논현로 878,37.527016,127.02881
한국산업은행 여의도,한국산업은행,여의도,영등포구,서울특별시 영등포구 여의도동 의사당대로 97,37.522483,126.924459
한국산업은행 영업부,한국산업은행,영업부,영등포구,서울특별시 영등포구 여의도동 은행로 14,37.527021,126.9209
한국산업은행 잠실,한국산업은행,잠실,송파구,서울특별시 송파구 신천동 올림픽로 289,37.514585,127.102507
한국산업은행 잠원,한국산업은행,잠원,서초구,서울특별시 서초구 잠원동 강남대로 565,37.512181,127.020292
한국산업은행 종로,한국산업은행,종로,종로구,서울특별시 종로구 중학동 율곡로 6,37.575692,126.980058
한국산업은행 한티,한국산업은행,한티,강남구,서울특별시 강남구 대치동 도곡로 408,37.49665,127.055251
한국씨티은행 강남대기업업무센터,한국씨티은행,강남대기업업무센터,강남구,서울특별시 강남구 대치동 테헤란로,37.506778,127.057984
한국씨티은행 영업부,한국씨티은행,영업부,종로구,서울특별시 종로구 신문로2가 새문안로,37.569034,126.970704
한국씨티은행 중앙기업업무센터,한국씨티은행,중앙기업업무센터,종로구,서울특별시 종로구 신문로2가 새문안로,37.568954,126.970696
한국씨티은행 커머셜기업금융1센터,한국씨티은행,커머셜기업금융1센터,종로구,서울특별시 종로구 신문로2가 새문안로,37.568954,126.970696
